id,QuestionID,QuestionTxt,RespTxt,RespPct,SurveyOrg,SurveySponsor,BegDate,EndDate,SampleSize,IntMethod,SubPopulation
1,USSELZER.092616.R12,Do you think President Barack Obama was or was not born in the United States?,Was born in US,75.0,Selzer & Co.,Bloomberg,09/21/2016,09/24/2016,1002.0,telephone,
1,USSELZER.092616.R12,Do you think President Barack Obama was or was not born in the United States?,Was not born in US,11.0,Selzer & Co.,Bloomberg,09/21/2016,09/24/2016,1002.0,telephone,
1,USSELZER.092616.R12,Do you think President Barack Obama was or was not born in the United States?,Not sure,14.0,Selzer & Co.,Bloomberg,09/21/2016,09/24/2016,1002.0,telephone,
10,USORC.080410.R41,"Do you think Barack Obama was definitely born in the United States, probably born in the United States, probably born in another country, or definitely born in another country?",Definitely born in the US,42.0,Opinion Research Corporation,Cable News Network,07/16/2010,07/21/2010,1018.0,telephone,
10,USORC.080410.R41,"Do you think Barack Obama was definitely born in the United States, probably born in the United States, probably born in another country, or definitely born in another country?",Probably born in the US,29.0,Opinion Research Corporation,Cable News Network,07/16/2010,07/21/2010,1018.0,telephone,
10,USORC.080410.R41,"Do you think Barack Obama was definitely born in the United States, probably born in the United States, probably born in another country, or definitely born in another country?",Probably born in another country,16.0,Opinion Research Corporation,Cable News Network,07/16/2010,07/21/2010,1018.0,telephone,
10,USORC.080410.R41,"Do you think Barack Obama was definitely born in the United States, probably born in the United States, probably born in another country, or definitely born in another country?",Definitely born in another country,11.0,Opinion Research Corporation,Cable News Network,07/16/2010,07/21/2010,1018.0,telephone,
10,USORC.080410.R41,"Do you think Barack Obama was definitely born in the United States, probably born in the United States, probably born in another country, or definitely born in another country?",No opinion,2.0,Opinion Research Corporation,Cable News Network,07/16/2010,07/21/2010,1018.0,telephone,
105,USABCWP.121809.R32,"Do you think most scientists agree with one another about whether or not global warming is happening, or do you think there is a lot of disagreement among scientists on this issue?",Most agree,36.0,ABC News/Washington Post,,12/10/2009,12/13/2009,1003.0,telephone,
105,USABCWP.121809.R32,"Do you think most scientists agree with one another about whether or not global warming is happening, or do you think there is a lot of disagreement among scientists on this issue?",A lot of disagreement,62.0,ABC News/Washington Post,,12/10/2009,12/13/2009,1003.0,telephone,
105,USABCWP.121809.R32,"Do you think most scientists agree with one another about whether or not global warming is happening, or do you think there is a lot of disagreement among scientists on this issue?",No opinion,2.0,ABC News/Washington Post,,12/10/2009,12/13/2009,1003.0,telephone,
108,USABC.080908.R16,"Do you think most scientists agree with one another about whether or not global warming is happening, or do you think there is a lot of disagreement among scientists on this issue?",Most agree,39.0,ABC News,"Planet Green, The Woods Institute for the Environment at Stanford University",07/23/2008,07/28/2008,1000.0,telephone,
108,USABC.080908.R16,"Do you think most scientists agree with one another about whether or not global warming is happening, or do you think there is a lot of disagreement among scientists on this issue?",A lot of disagreement,57.0,ABC News,"Planet Green, The Woods Institute for the Environment at Stanford University",07/23/2008,07/28/2008,1000.0,telephone,
108,USABC.080908.R16,"Do you think most scientists agree with one another about whether or not global warming is happening, or do you think there is a lot of disagreement among scientists on this issue?",No opinion,4.0,ABC News,"Planet Green, The Woods Institute for the Environment at Stanford University",07/23/2008,07/28/2008,1000.0,telephone,
109,USABC.080908.R18,"Do you think most scientists agree with one another about the causes of global warming, or is there a lot of disagreement among scientists about that?",Most agree,33.0,ABC News,"Planet Green, The Woods Institute for the Environment at Stanford University",07/23/2008,07/28/2008,1000.0,telephone,Asked of half sample
109,USABC.080908.R18,"Do you think most scientists agree with one another about the causes of global warming, or is there a lot of disagreement among scientists about that?",A lot of disagreement,63.0,ABC News,"Planet Green, The Woods Institute for the Environment at Stanford University",07/23/2008,07/28/2008,1000.0,telephone,Asked of half sample
109,USABC.080908.R18,"Do you think most scientists agree with one another about the causes of global warming, or is there a lot of disagreement among scientists about that?",No opinion,5.0,ABC News,"Planet Green, The Woods Institute for the Environment at Stanford University",07/23/2008,07/28/2008,1000.0,telephone,Asked of half sample
11,USCBSNYT.041410A.R050,"According to the Constitution, American Presidents must be 'natural born citizens.'  Some people say Barack Obama was not born in the United States, but was born in another country.  Do you think Barack Obama was born in the United States, or do you think he was born in another country?",Born in US,58.0,CBS News/New York Times,,04/05/2010,04/12/2010,1580.0,telephone,
11,USCBSNYT.041410A.R050,"According to the Constitution, American Presidents must be 'natural born citizens.'  Some people say Barack Obama was not born in the United States, but was born in another country.  Do you think Barack Obama was born in the United States, or do you think he was born in another country?",Another country,20.0,CBS News/New York Times,,04/05/2010,04/12/2010,1580.0,telephone,
11,USCBSNYT.041410A.R050,"According to the Constitution, American Presidents must be 'natural born citizens.'  Some people say Barack Obama was not born in the United States, but was born in another country.  Do you think Barack Obama was born in the United States, or do you think he was born in another country?",Don't know/No answer,22.0,CBS News/New York Times,,04/05/2010,04/12/2010,1580.0,telephone,
110,USABC.080908.R19,"Do you think most scientists agree with one another about how much of a threat global warming poses, or is there a lot of disagreement among scientists about that?",Most agree,33.0,ABC News,"Planet Green, The Woods Institute for the Environment at Stanford University",07/23/2008,07/28/2008,1000.0,telephone,Asked of half sample
110,USABC.080908.R19,"Do you think most scientists agree with one another about how much of a threat global warming poses, or is there a lot of disagreement among scientists about that?",A lot of disagreement,62.0,ABC News,"Planet Green, The Woods Institute for the Environment at Stanford University",07/23/2008,07/28/2008,1000.0,telephone,Asked of half sample
110,USABC.080908.R19,"Do you think most scientists agree with one another about how much of a threat global warming poses, or is there a lot of disagreement among scientists about that?",No opinion,5.0,ABC News,"Planet Green, The Woods Institute for the Environment at Stanford University",07/23/2008,07/28/2008,1000.0,telephone,Asked of half sample
111,USABCWP.042007.R16,"Do you think most scientists agree with one another about whether or not global warming is happening, or do you think there is a lot of disagreement among scientists on this issue?",Most agree,40.0,ABC News/Washington Post,Stanford University,04/05/2007,04/10/2007,1002.0,telephone,
111,USABCWP.042007.R16,"Do you think most scientists agree with one another about whether or not global warming is happening, or do you think there is a lot of disagreement among scientists on this issue?",A lot of disagreement,56.0,ABC News/Washington Post,Stanford University,04/05/2007,04/10/2007,1002.0,telephone,
111,USABCWP.042007.R16,"Do you think most scientists agree with one another about whether or not global warming is happening, or do you think there is a lot of disagreement among scientists on this issue?",No opinion,3.0,ABC News/Washington Post,Stanford University,04/05/2007,04/10/2007,1002.0,telephone,
112,USPSRNEW.07NW11.Q14,"Now, thinking specifically about the issue of global warming...do you think most climate scientists agree that the earth has been warming in recent years, or do you think there is a lot of disagreement among climate scientists about whether the earth has been warming?",Most scientists agree,52.0,Princeton Survey Research Associates International,Newsweek,08/01/2007,08/02/2007,1002.0,telephone,
112,USPSRNEW.07NW11.Q14,"Now, thinking specifically about the issue of global warming...do you think most climate scientists agree that the earth has been warming in recent years, or do you think there is a lot of disagreement among climate scientists about whether the earth has been warming?",A lot of disagreement,39.0,Princeton Survey Research Associates International,Newsweek,08/01/2007,08/02/2007,1002.0,telephone,
112,USPSRNEW.07NW11.Q14,"Now, thinking specifically about the issue of global warming...do you think most climate scientists agree that the earth has been warming in recent years, or do you think there is a lot of disagreement among climate scientists about whether the earth has been warming?",Don't know/Refused,9.0,Princeton Survey Research Associates International,Newsweek,08/01/2007,08/02/2007,1002.0,telephone,
113,USPSRNEW.07NW11.Q15,"Do you think most climate scientists agree that human activities, such as burning coal and oil, are a major cause of global warming, or do you think there is a lot of disagreement among climate scientists about whether human activities are a major cause?",Most scientists agree,47.0,Princeton Survey Research Associates International,Newsweek,08/01/2007,08/02/2007,1002.0,telephone,
113,USPSRNEW.07NW11.Q15,"Do you think most climate scientists agree that human activities, such as burning coal and oil, are a major cause of global warming, or do you think there is a lot of disagreement among climate scientists about whether human activities are a major cause?",A lot of disagreement,42.0,Princeton Survey Research Associates International,Newsweek,08/01/2007,08/02/2007,1002.0,telephone,
113,USPSRNEW.07NW11.Q15,"Do you think most climate scientists agree that human activities, such as burning coal and oil, are a major cause of global warming, or do you think there is a lot of disagreement among climate scientists about whether human activities are a major cause?",Don't know/Refused,12.0,Princeton Survey Research Associates International,Newsweek,08/01/2007,08/02/2007,1002.0,telephone,
114,USABC.032606.R30,"Do you think most scientists agree with one another about whether or not global warming is happening, or do you think there is a lot of disagreement among scientists on this issue?",Most agree,35.0,ABC News,"Time, Stanford University",03/09/2006,03/14/2006,1002.0,telephone,
114,USABC.032606.R30,"Do you think most scientists agree with one another about whether or not global warming is happening, or do you think there is a lot of disagreement among scientists on this issue?",A lot of disagreement,64.0,ABC News,"Time, Stanford University",03/09/2006,03/14/2006,1002.0,telephone,
114,USABC.032606.R30,"Do you think most scientists agree with one another about whether or not global warming is happening, or do you think there is a lot of disagreement among scientists on this issue?",No opinion,1.0,ABC News,"Time, Stanford University",03/09/2006,03/14/2006,1002.0,telephone,
115,USPSRA.111810.R10,"(Next I'd like to ask about some things that have been in the news.  Please answer as best as you can.  If you don't know the answer just tell me and we'll move to the next question.)...The federal government loaned money to banks under the bank bailout program known as TARP (Troubled Asset Relief Program).  How much of that money has been paid back to the government?...All of it, more than half of it, less than half of it, none of it",All of it,4.0,Princeton Survey Research Associates International,Pew Research Center for the People & the Press,11/11/2010,11/14/2010,1001.0,telephone,
115,USPSRA.111810.R10,"(Next I'd like to ask about some things that have been in the news.  Please answer as best as you can.  If you don't know the answer just tell me and we'll move to the next question.)...The federal government loaned money to banks under the bank bailout program known as TARP (Troubled Asset Relief Program).  How much of that money has been paid back to the government?...All of it, more than half of it, less than half of it, none of it",More than half of it (Correct),16.0,Princeton Survey Research Associates International,Pew Research Center for the People & the Press,11/11/2010,11/14/2010,1001.0,telephone,
115,USPSRA.111810.R10,"(Next I'd like to ask about some things that have been in the news.  Please answer as best as you can.  If you don't know the answer just tell me and we'll move to the next question.)...The federal government loaned money to banks under the bank bailout program known as TARP (Troubled Asset Relief Program).  How much of that money has been paid back to the government?...All of it, more than half of it, less than half of it, none of it",Less than half of it,36.0,Princeton Survey Research Associates International,Pew Research Center for the People & the Press,11/11/2010,11/14/2010,1001.0,telephone,
115,USPSRA.111810.R10,"(Next I'd like to ask about some things that have been in the news.  Please answer as best as you can.  If you don't know the answer just tell me and we'll move to the next question.)...The federal government loaned money to banks under the bank bailout program known as TARP (Troubled Asset Relief Program).  How much of that money has been paid back to the government?...All of it, more than half of it, less than half of it, none of it",None of it,16.0,Princeton Survey Research Associates International,Pew Research Center for the People & the Press,11/11/2010,11/14/2010,1001.0,telephone,
115,USPSRA.111810.R10,"(Next I'd like to ask about some things that have been in the news.  Please answer as best as you can.  If you don't know the answer just tell me and we'll move to the next question.)...The federal government loaned money to banks under the bank bailout program known as TARP (Troubled Asset Relief Program).  How much of that money has been paid back to the government?...All of it, more than half of it, less than half of it, none of it",Don't know/Refused,28.0,Princeton Survey Research Associates International,Pew Research Center for the People & the Press,11/11/2010,11/14/2010,1001.0,telephone,
116,USPSRA.111810.R19,"(Next I'd like to ask about some things that have been in the news.  Please answer as best as you can.  If you don't know the answer just tell me and we'll move to the next question.)...Do you happen to know if the national unemployment rate as reported by the government is currently closer to...5%, 10%, 15% or 20%?",5%,3.0,Princeton Survey Research Associates International,Pew Research Center for the People & the Press,11/11/2010,11/14/2010,1001.0,telephone,
116,USPSRA.111810.R19,"(Next I'd like to ask about some things that have been in the news.  Please answer as best as you can.  If you don't know the answer just tell me and we'll move to the next question.)...Do you happen to know if the national unemployment rate as reported by the government is currently closer to...5%, 10%, 15% or 20%?",10% (Correct),53.0,Princeton Survey Research Associates International,Pew Research Center for the People & the Press,11/11/2010,11/14/2010,1001.0,telephone,
116,USPSRA.111810.R19,"(Next I'd like to ask about some things that have been in the news.  Please answer as best as you can.  If you don't know the answer just tell me and we'll move to the next question.)...Do you happen to know if the national unemployment rate as reported by the government is currently closer to...5%, 10%, 15% or 20%?",15%,16.0,Princeton Survey Research Associates International,Pew Research Center for the People & the Press,11/11/2010,11/14/2010,1001.0,telephone,
116,USPSRA.111810.R19,"(Next I'd like to ask about some things that have been in the news.  Please answer as best as you can.  If you don't know the answer just tell me and we'll move to the next question.)...Do you happen to know if the national unemployment rate as reported by the government is currently closer to...5%, 10%, 15% or 20%?",20%,11.0,Princeton Survey Research Associates International,Pew Research Center for the People & the Press,11/11/2010,11/14/2010,1001.0,telephone,
116,USPSRA.111810.R19,"(Next I'd like to ask about some things that have been in the news.  Please answer as best as you can.  If you don't know the answer just tell me and we'll move to the next question.)...Do you happen to know if the national unemployment rate as reported by the government is currently closer to...5%, 10%, 15% or 20%?",Don't know/Refused,17.0,Princeton Survey Research Associates International,Pew Research Center for the People & the Press,11/11/2010,11/14/2010,1001.0,telephone,
117,USORC.102209NII.R10,"Since the start of military action in Iraq, about how many US (United States) military personnel have been killed?  To the best of your knowledge, have there been...around 2,300, around 4,300, around 6,300, or around 8,300 troop deaths?","Around 2,300",22.0,Opinion Research Corporation,Pew Research Center for the People & the Press,10/16/2009,10/19/2009,1004.0,telephone,
117,USORC.102209NII.R10,"Since the start of military action in Iraq, about how many US (United States) military personnel have been killed?  To the best of your knowledge, have there been...around 2,300, around 4,300, around 6,300, or around 8,300 troop deaths?","Around 4,300",42.0,Opinion Research Corporation,Pew Research Center for the People & the Press,10/16/2009,10/19/2009,1004.0,telephone,
117,USORC.102209NII.R10,"Since the start of military action in Iraq, about how many US (United States) military personnel have been killed?  To the best of your knowledge, have there been...around 2,300, around 4,300, around 6,300, or around 8,300 troop deaths?","Around 6,300",17.0,Opinion Research Corporation,Pew Research Center for the People & the Press,10/16/2009,10/19/2009,1004.0,telephone,
117,USORC.102209NII.R10,"Since the start of military action in Iraq, about how many US (United States) military personnel have been killed?  To the best of your knowledge, have there been...around 2,300, around 4,300, around 6,300, or around 8,300 troop deaths?","Around 8,300",13.0,Opinion Research Corporation,Pew Research Center for the People & the Press,10/16/2009,10/19/2009,1004.0,telephone,
117,USORC.102209NII.R10,"Since the start of military action in Iraq, about how many US (United States) military personnel have been killed?  To the best of your knowledge, have there been...around 2,300, around 4,300, around 6,300, or around 8,300 troop deaths?",Don't know/Refused,6.0,Opinion Research Corporation,Pew Research Center for the People & the Press,10/16/2009,10/19/2009,1004.0,telephone,
119,USORC.040209P.R08,"(Now I would like to ask you about some things that have been in the news recently.  Not everyone will have heard of them.)...Since the start of military action in Iraq, about how many US (United States) military personnel have been killed?  To the best of your knowledge, have there been...around 2,300, around 3,300, around 4,300 or around 5,300 troop deaths?","Around 2,300",12.0,Opinion Research Corporation,Pew Research Center for the People & the Press,03/26/2009,03/29/2009,1003.0,telephone,
119,USORC.040209P.R08,"(Now I would like to ask you about some things that have been in the news recently.  Not everyone will have heard of them.)...Since the start of military action in Iraq, about how many US (United States) military personnel have been killed?  To the best of your knowledge, have there been...around 2,300, around 3,300, around 4,300 or around 5,300 troop deaths?","Around 3,300",22.0,Opinion Research Corporation,Pew Research Center for the People & the Press,03/26/2009,03/29/2009,1003.0,telephone,
119,USORC.040209P.R08,"(Now I would like to ask you about some things that have been in the news recently.  Not everyone will have heard of them.)...Since the start of military action in Iraq, about how many US (United States) military personnel have been killed?  To the best of your knowledge, have there been...around 2,300, around 3,300, around 4,300 or around 5,300 troop deaths?","Around 4,300 (Correct)",38.0,Opinion Research Corporation,Pew Research Center for the People & the Press,03/26/2009,03/29/2009,1003.0,telephone,
119,USORC.040209P.R08,"(Now I would like to ask you about some things that have been in the news recently.  Not everyone will have heard of them.)...Since the start of military action in Iraq, about how many US (United States) military personnel have been killed?  To the best of your knowledge, have there been...around 2,300, around 3,300, around 4,300 or around 5,300 troop deaths?","Around 5,300",26.0,Opinion Research Corporation,Pew Research Center for the People & the Press,03/26/2009,03/29/2009,1003.0,telephone,
119,USORC.040209P.R08,"(Now I would like to ask you about some things that have been in the news recently.  Not everyone will have heard of them.)...Since the start of military action in Iraq, about how many US (United States) military personnel have been killed?  To the best of your knowledge, have there been...around 2,300, around 3,300, around 4,300 or around 5,300 troop deaths?",Don't know/Refused,2.0,Opinion Research Corporation,Pew Research Center for the People & the Press,03/26/2009,03/29/2009,1003.0,telephone,
120,USORC.200708POL.Q12,"Since the start of military action in Iraq, about how many US (United States) military personnel have been killed?  To the best of your knowledge, have there been...around 1,500, around 2,500, around 3,500, or around 4,500 troop deaths?","Around 1,500",8.0,Opinion Research Corporation,Pew Research Center for the People & the Press,08/16/2007,08/19/2007,1005.0,telephone,
120,USORC.200708POL.Q12,"Since the start of military action in Iraq, about how many US (United States) military personnel have been killed?  To the best of your knowledge, have there been...around 1,500, around 2,500, around 3,500, or around 4,500 troop deaths?","Around 2,500",19.0,Opinion Research Corporation,Pew Research Center for the People & the Press,08/16/2007,08/19/2007,1005.0,telephone,
120,USORC.200708POL.Q12,"Since the start of military action in Iraq, about how many US (United States) military personnel have been killed?  To the best of your knowledge, have there been...around 1,500, around 2,500, around 3,500, or around 4,500 troop deaths?","Around 3,500 (correct)",54.0,Opinion Research Corporation,Pew Research Center for the People & the Press,08/16/2007,08/19/2007,1005.0,telephone,
120,USORC.200708POL.Q12,"Since the start of military action in Iraq, about how many US (United States) military personnel have been killed?  To the best of your knowledge, have there been...around 1,500, around 2,500, around 3,500, or around 4,500 troop deaths?","Around 4,500",17.0,Opinion Research Corporation,Pew Research Center for the People & the Press,08/16/2007,08/19/2007,1005.0,telephone,
120,USORC.200708POL.Q12,"Since the start of military action in Iraq, about how many US (United States) military personnel have been killed?  To the best of your knowledge, have there been...around 1,500, around 2,500, around 3,500, or around 4,500 troop deaths?",Don't know/Refused,2.0,Opinion Research Corporation,Pew Research Center for the People & the Press,08/16/2007,08/19/2007,1005.0,telephone,
121,USIPSOSR.101310R.R07B,"As far as you know or recall, did the size of the yearly US (United States) budget deficit, otherwise known as government debt, increase, decrease or stay the same during George W. Bush's time as President?",Increased,70.0,Ipsos-Public Affairs,Reuters,10/07/2010,10/11/2010,1038.0,telephone,
121,USIPSOSR.101310R.R07B,"As far as you know or recall, did the size of the yearly US (United States) budget deficit, otherwise known as government debt, increase, decrease or stay the same during George W. Bush's time as President?",Decreased,13.0,Ipsos-Public Affairs,Reuters,10/07/2010,10/11/2010,1038.0,telephone,
121,USIPSOSR.101310R.R07B,"As far as you know or recall, did the size of the yearly US (United States) budget deficit, otherwise known as government debt, increase, decrease or stay the same during George W. Bush's time as President?",Stayed the same,11.0,Ipsos-Public Affairs,Reuters,10/07/2010,10/11/2010,1038.0,telephone,
121,USIPSOSR.101310R.R07B,"As far as you know or recall, did the size of the yearly US (United States) budget deficit, otherwise known as government debt, increase, decrease or stay the same during George W. Bush's time as President?",Don't know/Refused/Not sure,5.0,Ipsos-Public Affairs,Reuters,10/07/2010,10/11/2010,1038.0,telephone,
122,USIPSOSR.101310R.R07B,"As far as you know or recall, did the size of the yearly US (United States) budget deficit, otherwise known as government debt, increase, decrease or stay the same during George W. Bush's time as President?",Increased,70.0,Ipsos-Public Affairs,Reuters,10/07/2010,10/11/2010,1038.0,telephone,
122,USIPSOSR.101310R.R07B,"As far as you know or recall, did the size of the yearly US (United States) budget deficit, otherwise known as government debt, increase, decrease or stay the same during George W. Bush's time as President?",Decreased,13.0,Ipsos-Public Affairs,Reuters,10/07/2010,10/11/2010,1038.0,telephone,
122,USIPSOSR.101310R.R07B,"As far as you know or recall, did the size of the yearly US (United States) budget deficit, otherwise known as government debt, increase, decrease or stay the same during George W. Bush's time as President?",Stayed the same,11.0,Ipsos-Public Affairs,Reuters,10/07/2010,10/11/2010,1038.0,telephone,
122,USIPSOSR.101310R.R07B,"As far as you know or recall, did the size of the yearly US (United States) budget deficit, otherwise known as government debt, increase, decrease or stay the same during George W. Bush's time as President?",Don't know/Refused/Not sure,5.0,Ipsos-Public Affairs,Reuters,10/07/2010,10/11/2010,1038.0,telephone,
123,USIPSOSR.072710R.R08B,"And as far as you know or recall, did the size of the yearly US (United States) budget deficit, otherwise known as government debt, increase, decrease or stay the same during George W. Bush's time as President?",Increased,75.0,Ipsos-Public Affairs,Reuters,07/22/2010,07/25/2010,1075.0,telephone,
123,USIPSOSR.072710R.R08B,"And as far as you know or recall, did the size of the yearly US (United States) budget deficit, otherwise known as government debt, increase, decrease or stay the same during George W. Bush's time as President?",Decreased,11.0,Ipsos-Public Affairs,Reuters,07/22/2010,07/25/2010,1075.0,telephone,
123,USIPSOSR.072710R.R08B,"And as far as you know or recall, did the size of the yearly US (United States) budget deficit, otherwise known as government debt, increase, decrease or stay the same during George W. Bush's time as President?",Stayed the same,11.0,Ipsos-Public Affairs,Reuters,07/22/2010,07/25/2010,1075.0,telephone,
123,USIPSOSR.072710R.R08B,"And as far as you know or recall, did the size of the yearly US (United States) budget deficit, otherwise known as government debt, increase, decrease or stay the same during George W. Bush's time as President?",Don't know/Refused/Not sure,4.0,Ipsos-Public Affairs,Reuters,07/22/2010,07/25/2010,1075.0,telephone,
124,USIPSOSR.072710R.R08A,"As far as you know or recall, did the size of the yearly US (United States) budget deficit, otherwise known as government debt, increase, decrease or stay the same during Bill Clinton's time as President?",Increased,30.0,Ipsos-Public Affairs,Reuters,07/22/2010,07/25/2010,1075.0,telephone,
124,USIPSOSR.072710R.R08A,"As far as you know or recall, did the size of the yearly US (United States) budget deficit, otherwise known as government debt, increase, decrease or stay the same during Bill Clinton's time as President?",Decreased,45.0,Ipsos-Public Affairs,Reuters,07/22/2010,07/25/2010,1075.0,telephone,
124,USIPSOSR.072710R.R08A,"As far as you know or recall, did the size of the yearly US (United States) budget deficit, otherwise known as government debt, increase, decrease or stay the same during Bill Clinton's time as President?",Stayed the same,16.0,Ipsos-Public Affairs,Reuters,07/22/2010,07/25/2010,1075.0,telephone,
124,USIPSOSR.072710R.R08A,"As far as you know or recall, did the size of the yearly US (United States) budget deficit, otherwise known as government debt, increase, decrease or stay the same during Bill Clinton's time as President?",Don't know/Refused/Not sure,9.0,Ipsos-Public Affairs,Reuters,07/22/2010,07/25/2010,1075.0,telephone,
137,USASFOX.021215.R27,"In general, how safe do you think vaccines are?...Extremely, very, somewhat, not at all",Extremely,29.0,Anderson Robbins Research/Shaw & Co. Research,Fox News,02/08/2015,02/10/2015,1044.0,telephone,
137,USASFOX.021215.R27,"In general, how safe do you think vaccines are?...Extremely, very, somewhat, not at all",Very,36.0,Anderson Robbins Research/Shaw & Co. Research,Fox News,02/08/2015,02/10/2015,1044.0,telephone,
137,USASFOX.021215.R27,"In general, how safe do you think vaccines are?...Extremely, very, somewhat, not at all",Somewhat,26.0,Anderson Robbins Research/Shaw & Co. Research,Fox News,02/08/2015,02/10/2015,1044.0,telephone,
137,USASFOX.021215.R27,"In general, how safe do you think vaccines are?...Extremely, very, somewhat, not at all",Not at all,5.0,Anderson Robbins Research/Shaw & Co. Research,Fox News,02/08/2015,02/10/2015,1044.0,telephone,
137,USASFOX.021215.R27,"In general, how safe do you think vaccines are?...Extremely, very, somewhat, not at all",Don't know,3.0,Anderson Robbins Research/Shaw & Co. Research,Fox News,02/08/2015,02/10/2015,1044.0,telephone,
138,USPSRA.020915.R04,"Thinking about vaccines for diseases such as measles, mumps, and rubella, do you think these vaccines are safe for healthy children or are they not safe for healthy children?",Safe for healthy children,83.0,Princeton Survey Research Associates International,Pew Research Center for the People & the Press,02/05/2015,02/08/2015,1003.0,telephone,
138,USPSRA.020915.R04,"Thinking about vaccines for diseases such as measles, mumps, and rubella, do you think these vaccines are safe for healthy children or are they not safe for healthy children?",Not safe for healthy children,9.0,Princeton Survey Research Associates International,Pew Research Center for the People & the Press,02/05/2015,02/08/2015,1003.0,telephone,
138,USPSRA.020915.R04,"Thinking about vaccines for diseases such as measles, mumps, and rubella, do you think these vaccines are safe for healthy children or are they not safe for healthy children?",Don't know/Refused,7.0,Princeton Survey Research Associates International,Pew Research Center for the People & the Press,02/05/2015,02/08/2015,1003.0,telephone,
14,USORC.091315.R34,"Do you happen to know what religion Barack Obama is? Is he Protestant, Catholic, Jewish, Mormon, Muslim, something else, or not religious?",Protestant/Christian,39.0,ORC International,Cable News Network,09/04/2015,09/08/2015,1012.0,telephone,
14,USORC.091315.R34,"Do you happen to know what religion Barack Obama is? Is he Protestant, Catholic, Jewish, Mormon, Muslim, something else, or not religious?",Catholic,4.0,ORC International,Cable News Network,09/04/2015,09/08/2015,1012.0,telephone,
14,USORC.091315.R34,"Do you happen to know what religion Barack Obama is? Is he Protestant, Catholic, Jewish, Mormon, Muslim, something else, or not religious?",Jewish,1.0,ORC International,Cable News Network,09/04/2015,09/08/2015,1012.0,telephone,
14,USORC.091315.R34,"Do you happen to know what religion Barack Obama is? Is he Protestant, Catholic, Jewish, Mormon, Muslim, something else, or not religious?",Mormon/Church of Latter Day Saints,2.0,ORC International,Cable News Network,09/04/2015,09/08/2015,1012.0,telephone,
14,USORC.091315.R34,"Do you happen to know what religion Barack Obama is? Is he Protestant, Catholic, Jewish, Mormon, Muslim, something else, or not religious?",Muslim/Islam/Islamic,29.0,ORC International,Cable News Network,09/04/2015,09/08/2015,1012.0,telephone,
14,USORC.091315.R34,"Do you happen to know what religion Barack Obama is? Is he Protestant, Catholic, Jewish, Mormon, Muslim, something else, or not religious?",Something else,1.0,ORC International,Cable News Network,09/04/2015,09/08/2015,1012.0,telephone,
14,USORC.091315.R34,"Do you happen to know what religion Barack Obama is? Is he Protestant, Catholic, Jewish, Mormon, Muslim, something else, or not religious?",Not religious,11.0,ORC International,Cable News Network,09/04/2015,09/08/2015,1012.0,telephone,
14,USORC.091315.R34,"Do you happen to know what religion Barack Obama is? Is he Protestant, Catholic, Jewish, Mormon, Muslim, something else, or not religious?",No opinion,14.0,ORC International,Cable News Network,09/04/2015,09/08/2015,1012.0,telephone,
144,USSRBI.020217P.RB33BF1,"Thinking about childhood vaccines for measles, mumps, and rubella (MMR), how would you rate...the preventive health benefits?...Very high, high, medium, low, very low",Very high,45.0,Abt SRBI,Pew Research Center for the People & the Press,05/10/2016,06/10/2016,4563.0,"online, telephone, and mail",Asked of Form 1 one-third sample
144,USSRBI.020217P.RB33BF1,"Thinking about childhood vaccines for measles, mumps, and rubella (MMR), how would you rate...the preventive health benefits?...Very high, high, medium, low, very low",High,28.0,Abt SRBI,Pew Research Center for the People & the Press,05/10/2016,06/10/2016,4563.0,"online, telephone, and mail",Asked of Form 1 one-third sample
144,USSRBI.020217P.RB33BF1,"Thinking about childhood vaccines for measles, mumps, and rubella (MMR), how would you rate...the preventive health benefits?...Very high, high, medium, low, very low",Medium,18.0,Abt SRBI,Pew Research Center for the People & the Press,05/10/2016,06/10/2016,4563.0,"online, telephone, and mail",Asked of Form 1 one-third sample
144,USSRBI.020217P.RB33BF1,"Thinking about childhood vaccines for measles, mumps, and rubella (MMR), how would you rate...the preventive health benefits?...Very high, high, medium, low, very low",Low,4.0,Abt SRBI,Pew Research Center for the People & the Press,05/10/2016,06/10/2016,4563.0,"online, telephone, and mail",Asked of Form 1 one-third sample
144,USSRBI.020217P.RB33BF1,"Thinking about childhood vaccines for measles, mumps, and rubella (MMR), how would you rate...the preventive health benefits?...Very high, high, medium, low, very low",Very low,3.0,Abt SRBI,Pew Research Center for the People & the Press,05/10/2016,06/10/2016,4563.0,"online, telephone, and mail",Asked of Form 1 one-third sample
144,USSRBI.020217P.RB33BF1,"Thinking about childhood vaccines for measles, mumps, and rubella (MMR), how would you rate...the preventive health benefits?...Very high, high, medium, low, very low",No answer,2.0,Abt SRBI,Pew Research Center for the People & the Press,05/10/2016,06/10/2016,4563.0,"online, telephone, and mail",Asked of Form 1 one-third sample
145,USSRBI.020217P.RB33AF1,"Thinking about childhood vaccines for measles, mumps, and rubella (MMR), how would you rate...the risk of side effects?...Very high, high, medium, low, very low",Very high,5.0,Abt SRBI,Pew Research Center for the People & the Press,05/10/2016,06/10/2016,4563.0,"online, telephone, and mail",Asked of Form 1 one-third sample
145,USSRBI.020217P.RB33AF1,"Thinking about childhood vaccines for measles, mumps, and rubella (MMR), how would you rate...the risk of side effects?...Very high, high, medium, low, very low",High,6.0,Abt SRBI,Pew Research Center for the People & the Press,05/10/2016,06/10/2016,4563.0,"online, telephone, and mail",Asked of Form 1 one-third sample
145,USSRBI.020217P.RB33AF1,"Thinking about childhood vaccines for measles, mumps, and rubella (MMR), how would you rate...the risk of side effects?...Very high, high, medium, low, very low",Medium,21.0,Abt SRBI,Pew Research Center for the People & the Press,05/10/2016,06/10/2016,4563.0,"online, telephone, and mail",Asked of Form 1 one-third sample
145,USSRBI.020217P.RB33AF1,"Thinking about childhood vaccines for measles, mumps, and rubella (MMR), how would you rate...the risk of side effects?...Very high, high, medium, low, very low",Low,29.0,Abt SRBI,Pew Research Center for the People & the Press,05/10/2016,06/10/2016,4563.0,"online, telephone, and mail",Asked of Form 1 one-third sample
145,USSRBI.020217P.RB33AF1,"Thinking about childhood vaccines for measles, mumps, and rubella (MMR), how would you rate...the risk of side effects?...Very high, high, medium, low, very low",Very low,38.0,Abt SRBI,Pew Research Center for the People & the Press,05/10/2016,06/10/2016,4563.0,"online, telephone, and mail",Asked of Form 1 one-third sample
145,USSRBI.020217P.RB33AF1,"Thinking about childhood vaccines for measles, mumps, and rubella (MMR), how would you rate...the risk of side effects?...Very high, high, medium, low, very low",No answer,1.0,Abt SRBI,Pew Research Center for the People & the Press,05/10/2016,06/10/2016,4563.0,"online, telephone, and mail",Asked of Form 1 one-third sample
146,USGALLUP.030615.R03,"From what you have read or heard, do you personally think certain vaccines do--or do not--cause autism in children, or are you unsure?","Yes, a cause",6.0,Gallup Organization,,02/28/2015,03/01/2015,1015.0,telephone,
146,USGALLUP.030615.R03,"From what you have read or heard, do you personally think certain vaccines do--or do not--cause autism in children, or are you unsure?","No, not a cause",41.0,Gallup Organization,,02/28/2015,03/01/2015,1015.0,telephone,
146,USGALLUP.030615.R03,"From what you have read or heard, do you personally think certain vaccines do--or do not--cause autism in children, or are you unsure?",Unsure,52.0,Gallup Organization,,02/28/2015,03/01/2015,1015.0,telephone,
147,USABCWP.20101109.Q031,"Where was Barack Obama born, as far as you know?",Honolulu/Hawaii (correct),48.0,ABC News/Washington Post,,04/22/2010,04/25/2010,1001.0,telephone,
147,USABCWP.20101109.Q031,"Where was Barack Obama born, as far as you know?",America/United States (other specific place),8.0,ABC News/Washington Post,,04/22/2010,04/25/2010,1001.0,telephone,
147,USABCWP.20101109.Q031,"Where was Barack Obama born, as far as you know?",America/United States (general),12.0,ABC News/Washington Post,,04/22/2010,04/25/2010,1001.0,telephone,
147,USABCWP.20101109.Q031,"Where was Barack Obama born, as far as you know?",Kenya,3.0,ABC News/Washington Post,,04/22/2010,04/25/2010,1001.0,telephone,
147,USABCWP.20101109.Q031,"Where was Barack Obama born, as far as you know?",Africa (other),4.0,ABC News/Washington Post,,04/22/2010,04/25/2010,1001.0,telephone,
147,USABCWP.20101109.Q031,"Where was Barack Obama born, as far as you know?",Other (specific),3.0,ABC News/Washington Post,,04/22/2010,04/25/2010,1001.0,telephone,
147,USABCWP.20101109.Q031,"Where was Barack Obama born, as far as you know?",Other (general),4.0,ABC News/Washington Post,,04/22/2010,04/25/2010,1001.0,telephone,
147,USABCWP.20101109.Q031,"Where was Barack Obama born, as far as you know?",Don't know/No opinion,19.0,ABC News/Washington Post,,04/22/2010,04/25/2010,1001.0,telephone,
149,USABCWP.042007.R06,"As far as you know, would you say that average temperatures around the world have been higher in the last three years than before that, lower, or about the same?",Higher,56.0,ABC News/Washington Post,Stanford University,04/05/2007,04/10/2007,1002.0,telephone,
149,USABCWP.042007.R06,"As far as you know, would you say that average temperatures around the world have been higher in the last three years than before that, lower, or about the same?",Lower,9.0,ABC News/Washington Post,Stanford University,04/05/2007,04/10/2007,1002.0,telephone,
149,USABCWP.042007.R06,"As far as you know, would you say that average temperatures around the world have been higher in the last three years than before that, lower, or about the same?",About the same,28.0,ABC News/Washington Post,Stanford University,04/05/2007,04/10/2007,1002.0,telephone,
149,USABCWP.042007.R06,"As far as you know, would you say that average temperatures around the world have been higher in the last three years than before that, lower, or about the same?",No opinion,7.0,ABC News/Washington Post,Stanford University,04/05/2007,04/10/2007,1002.0,telephone,
15,USAP.102712G.R27A,"Do you happen to know the religion of each of the following people?  If you don't know, you can mark that too....Protestant, Catholic, Mormon, Jewish, Muslim, some other religion, no religion...Barack Obama",Protestant,28.0,Gfk Knowledge Networks,Associated Press,08/30/2012,09/11/2012,1071.0,online,
15,USAP.102712G.R27A,"Do you happen to know the religion of each of the following people?  If you don't know, you can mark that too....Protestant, Catholic, Mormon, Jewish, Muslim, some other religion, no religion...Barack Obama",Catholic,5.0,Gfk Knowledge Networks,Associated Press,08/30/2012,09/11/2012,1071.0,online,
15,USAP.102712G.R27A,"Do you happen to know the religion of each of the following people?  If you don't know, you can mark that too....Protestant, Catholic, Mormon, Jewish, Muslim, some other religion, no religion...Barack Obama",Muslim,18.0,Gfk Knowledge Networks,Associated Press,08/30/2012,09/11/2012,1071.0,online,
15,USAP.102712G.R27A,"Do you happen to know the religion of each of the following people?  If you don't know, you can mark that too....Protestant, Catholic, Mormon, Jewish, Muslim, some other religion, no religion...Barack Obama",Some other religion,10.0,Gfk Knowledge Networks,Associated Press,08/30/2012,09/11/2012,1071.0,online,
15,USAP.102712G.R27A,"Do you happen to know the religion of each of the following people?  If you don't know, you can mark that too....Protestant, Catholic, Mormon, Jewish, Muslim, some other religion, no religion...Barack Obama",No religion,2.0,Gfk Knowledge Networks,Associated Press,08/30/2012,09/11/2012,1071.0,online,
15,USAP.102712G.R27A,"Do you happen to know the religion of each of the following people?  If you don't know, you can mark that too....Protestant, Catholic, Mormon, Jewish, Muslim, some other religion, no religion...Barack Obama",Don't know,35.0,Gfk Knowledge Networks,Associated Press,08/30/2012,09/11/2012,1071.0,online,
15,USAP.102712G.R27A,"Do you happen to know the religion of each of the following people?  If you don't know, you can mark that too....Protestant, Catholic, Mormon, Jewish, Muslim, some other religion, no religion...Barack Obama",Refused/Not answered,2.0,Gfk Knowledge Networks,Associated Press,08/30/2012,09/11/2012,1071.0,online,
150,USABC.032606.R15,"As far as you know, would you say that average temperatures around the world have been higher in the last three years than before that, lower, or about the same?",Higher,56.0,ABC News,"Time, Stanford University",03/09/2006,03/14/2006,1002.0,telephone,
150,USABC.032606.R15,"As far as you know, would you say that average temperatures around the world have been higher in the last three years than before that, lower, or about the same?",Lower,8.0,ABC News,"Time, Stanford University",03/09/2006,03/14/2006,1002.0,telephone,
150,USABC.032606.R15,"As far as you know, would you say that average temperatures around the world have been higher in the last three years than before that, lower, or about the same?",About the same,33.0,ABC News,"Time, Stanford University",03/09/2006,03/14/2006,1002.0,telephone,
150,USABC.032606.R15,"As far as you know, would you say that average temperatures around the world have been higher in the last three years than before that, lower, or about the same?",No opinion,3.0,ABC News,"Time, Stanford University",03/09/2006,03/14/2006,1002.0,telephone,
151,USPSRA.121508.R03,"(Now I would like to ask you about some things that have been in the news recently.  Not everyone will have heard of them.) Since the start of military action in Iraq, about how many US (United States) military personnel have been killed?  To the best of your knowledge, have there been...around 2,200, around 3,200, around 4,300, or around 5,200?","Around 2,200",14.0,Princeton Survey Research Associates International,Pew Research Center for the People & the Press,12/04/2008,12/07/2008,1000.0,telephone,
151,USPSRA.121508.R03,"(Now I would like to ask you about some things that have been in the news recently.  Not everyone will have heard of them.) Since the start of military action in Iraq, about how many US (United States) military personnel have been killed?  To the best of your knowledge, have there been...around 2,200, around 3,200, around 4,300, or around 5,200?","Around 3,200",22.0,Princeton Survey Research Associates International,Pew Research Center for the People & the Press,12/04/2008,12/07/2008,1000.0,telephone,
151,USPSRA.121508.R03,"(Now I would like to ask you about some things that have been in the news recently.  Not everyone will have heard of them.) Since the start of military action in Iraq, about how many US (United States) military personnel have been killed?  To the best of your knowledge, have there been...around 2,200, around 3,200, around 4,300, or around 5,200?","Around 4,200-correct",40.0,Princeton Survey Research Associates International,Pew Research Center for the People & the Press,12/04/2008,12/07/2008,1000.0,telephone,
151,USPSRA.121508.R03,"(Now I would like to ask you about some things that have been in the news recently.  Not everyone will have heard of them.) Since the start of military action in Iraq, about how many US (United States) military personnel have been killed?  To the best of your knowledge, have there been...around 2,200, around 3,200, around 4,300, or around 5,200?","Around 5,200",20.0,Princeton Survey Research Associates International,Pew Research Center for the People & the Press,12/04/2008,12/07/2008,1000.0,telephone,
151,USPSRA.121508.R03,"(Now I would like to ask you about some things that have been in the news recently.  Not everyone will have heard of them.) Since the start of military action in Iraq, about how many US (United States) military personnel have been killed?  To the best of your knowledge, have there been...around 2,200, around 3,200, around 4,300, or around 5,200?",Don't know/Refused,4.0,Princeton Survey Research Associates International,Pew Research Center for the People & the Press,12/04/2008,12/07/2008,1000.0,telephone,
152,USORC.041008NII.R8,"(Now I would like to ask you about some things that have been in the news recently.  Not everyone will have heard of them.)...Since the start of military action in Iraq, about how many US (United States) military personnel have been killed?  To the best of your knowledge, have there been...around 2,000, around 3,000, around 4,000, or around 5,000troop deaths?","Around 2,000",6.0,Opinion Research Corporation,Pew Research Center for the People & the Press,04/04/2008,04/07/2008,1005.0,telephone,
152,USORC.041008NII.R8,"(Now I would like to ask you about some things that have been in the news recently.  Not everyone will have heard of them.)...Since the start of military action in Iraq, about how many US (United States) military personnel have been killed?  To the best of your knowledge, have there been...around 2,000, around 3,000, around 4,000, or around 5,000troop deaths?","Around 3,000",15.0,Opinion Research Corporation,Pew Research Center for the People & the Press,04/04/2008,04/07/2008,1005.0,telephone,
152,USORC.041008NII.R8,"(Now I would like to ask you about some things that have been in the news recently.  Not everyone will have heard of them.)...Since the start of military action in Iraq, about how many US (United States) military personnel have been killed?  To the best of your knowledge, have there been...around 2,000, around 3,000, around 4,000, or around 5,000troop deaths?","Around 4,000 (correct answer)",60.0,Opinion Research Corporation,Pew Research Center for the People & the Press,04/04/2008,04/07/2008,1005.0,telephone,
152,USORC.041008NII.R8,"(Now I would like to ask you about some things that have been in the news recently.  Not everyone will have heard of them.)...Since the start of military action in Iraq, about how many US (United States) military personnel have been killed?  To the best of your knowledge, have there been...around 2,000, around 3,000, around 4,000, or around 5,000troop deaths?","Around 5,000",16.0,Opinion Research Corporation,Pew Research Center for the People & the Press,04/04/2008,04/07/2008,1005.0,telephone,
152,USORC.041008NII.R8,"(Now I would like to ask you about some things that have been in the news recently.  Not everyone will have heard of them.)...Since the start of military action in Iraq, about how many US (United States) military personnel have been killed?  To the best of your knowledge, have there been...around 2,000, around 3,000, around 4,000, or around 5,000troop deaths?",Don't know/Refused,3.0,Opinion Research Corporation,Pew Research Center for the People & the Press,04/04/2008,04/07/2008,1005.0,telephone,
153,USORC.031208P.R04,"(Now I would like to ask you about some things that have been in the news recently.  Not everyone will have heard of them.)...Since the start of military action in Iraq, about how many US (United States) military personnel have been killed?  To the best of your knowledge, have there been...around 2,000, around 3,000, around 4,000, or around 5,000?","Around 2,000",11.0,Opinion Research Corporation,Pew Research Center for the People & the Press,02/28/2008,03/02/2008,1003.0,telephone,
153,USORC.031208P.R04,"(Now I would like to ask you about some things that have been in the news recently.  Not everyone will have heard of them.)...Since the start of military action in Iraq, about how many US (United States) military personnel have been killed?  To the best of your knowledge, have there been...around 2,000, around 3,000, around 4,000, or around 5,000?","Around 3,000",35.0,Opinion Research Corporation,Pew Research Center for the People & the Press,02/28/2008,03/02/2008,1003.0,telephone,
153,USORC.031208P.R04,"(Now I would like to ask you about some things that have been in the news recently.  Not everyone will have heard of them.)...Since the start of military action in Iraq, about how many US (United States) military personnel have been killed?  To the best of your knowledge, have there been...around 2,000, around 3,000, around 4,000, or around 5,000?","Around 4,000",28.0,Opinion Research Corporation,Pew Research Center for the People & the Press,02/28/2008,03/02/2008,1003.0,telephone,
153,USORC.031208P.R04,"(Now I would like to ask you about some things that have been in the news recently.  Not everyone will have heard of them.)...Since the start of military action in Iraq, about how many US (United States) military personnel have been killed?  To the best of your knowledge, have there been...around 2,000, around 3,000, around 4,000, or around 5,000?","Around 5,000",23.0,Opinion Research Corporation,Pew Research Center for the People & the Press,02/28/2008,03/02/2008,1003.0,telephone,
153,USORC.031208P.R04,"(Now I would like to ask you about some things that have been in the news recently.  Not everyone will have heard of them.)...Since the start of military action in Iraq, about how many US (United States) military personnel have been killed?  To the best of your knowledge, have there been...around 2,000, around 3,000, around 4,000, or around 5,000?",Don't know/Refused,3.0,Opinion Research Corporation,Pew Research Center for the People & the Press,02/28/2008,03/02/2008,1003.0,telephone,
154,USORC.062807NII.R05,"(Now I'd like to ask you about some things that have been happening in Iraq recently.  Not everyone will have heard about them.)...Since the start of military action in Iraq, about how many US (United States) soldiers have been killed overall?  To the best of your knowledge, have there been around 1,500, around 2,500, around 3,500, or around 4,500 military deaths in Iraq?","Around 1,500",9.0,Opinion Research Corporation,Pew Research Center for the People & the Press,06/22/2007,06/25/2007,1017.0,telephone,
154,USORC.062807NII.R05,"(Now I'd like to ask you about some things that have been happening in Iraq recently.  Not everyone will have heard about them.)...Since the start of military action in Iraq, about how many US (United States) soldiers have been killed overall?  To the best of your knowledge, have there been around 1,500, around 2,500, around 3,500, or around 4,500 military deaths in Iraq?","Around 2,500",20.0,Opinion Research Corporation,Pew Research Center for the People & the Press,06/22/2007,06/25/2007,1017.0,telephone,
154,USORC.062807NII.R05,"(Now I'd like to ask you about some things that have been happening in Iraq recently.  Not everyone will have heard about them.)...Since the start of military action in Iraq, about how many US (United States) soldiers have been killed overall?  To the best of your knowledge, have there been around 1,500, around 2,500, around 3,500, or around 4,500 military deaths in Iraq?","Around 3,500 (correct)",49.0,Opinion Research Corporation,Pew Research Center for the People & the Press,06/22/2007,06/25/2007,1017.0,telephone,
154,USORC.062807NII.R05,"(Now I'd like to ask you about some things that have been happening in Iraq recently.  Not everyone will have heard about them.)...Since the start of military action in Iraq, about how many US (United States) soldiers have been killed overall?  To the best of your knowledge, have there been around 1,500, around 2,500, around 3,500, or around 4,500 military deaths in Iraq?","Around 4,500",12.0,Opinion Research Corporation,Pew Research Center for the People & the Press,06/22/2007,06/25/2007,1017.0,telephone,
154,USORC.062807NII.R05,"(Now I'd like to ask you about some things that have been happening in Iraq recently.  Not everyone will have heard about them.)...Since the start of military action in Iraq, about how many US (United States) soldiers have been killed overall?  To the best of your knowledge, have there been around 1,500, around 2,500, around 3,500, or around 4,500 military deaths in Iraq?",Other (Vol.),3.0,Opinion Research Corporation,Pew Research Center for the People & the Press,06/22/2007,06/25/2007,1017.0,telephone,
154,USORC.062807NII.R05,"(Now I'd like to ask you about some things that have been happening in Iraq recently.  Not everyone will have heard about them.)...Since the start of military action in Iraq, about how many US (United States) soldiers have been killed overall?  To the best of your knowledge, have there been around 1,500, around 2,500, around 3,500, or around 4,500 military deaths in Iraq?",Don't know/Refused,7.0,Opinion Research Corporation,Pew Research Center for the People & the Press,06/22/2007,06/25/2007,1017.0,telephone,
155,USPSRA.041507.R21,"Since the start of military action in Iraq, about how many US (United States) soldiers have been killed?  To the best of your knowledge, have there been around 1,000, around 2,000, around 3,000, or around 4,000 military deaths in Iraq?","Around 1,000",5.0,Princeton Survey Research Associates International,Pew Research Center for the People & the Press,02/01/2007,02/13/2007,1502.0,telephone,
155,USPSRA.041507.R21,"Since the start of military action in Iraq, about how many US (United States) soldiers have been killed?  To the best of your knowledge, have there been around 1,000, around 2,000, around 3,000, or around 4,000 military deaths in Iraq?","Around 2,000",17.0,Princeton Survey Research Associates International,Pew Research Center for the People & the Press,02/01/2007,02/13/2007,1502.0,telephone,
155,USPSRA.041507.R21,"Since the start of military action in Iraq, about how many US (United States) soldiers have been killed?  To the best of your knowledge, have there been around 1,000, around 2,000, around 3,000, or around 4,000 military deaths in Iraq?","Around 3,000 (Correct)",55.0,Princeton Survey Research Associates International,Pew Research Center for the People & the Press,02/01/2007,02/13/2007,1502.0,telephone,
155,USPSRA.041507.R21,"Since the start of military action in Iraq, about how many US (United States) soldiers have been killed?  To the best of your knowledge, have there been around 1,000, around 2,000, around 3,000, or around 4,000 military deaths in Iraq?","Around 4,000",17.0,Princeton Survey Research Associates International,Pew Research Center for the People & the Press,02/01/2007,02/13/2007,1502.0,telephone,
155,USPSRA.041507.R21,"Since the start of military action in Iraq, about how many US (United States) soldiers have been killed?  To the best of your knowledge, have there been around 1,000, around 2,000, around 3,000, or around 4,000 military deaths in Iraq?",Other (Vol.),1.0,Princeton Survey Research Associates International,Pew Research Center for the People & the Press,02/01/2007,02/13/2007,1502.0,telephone,
155,USPSRA.041507.R21,"Since the start of military action in Iraq, about how many US (United States) soldiers have been killed?  To the best of your knowledge, have there been around 1,000, around 2,000, around 3,000, or around 4,000 military deaths in Iraq?",Don't know/Refused,5.0,Princeton Survey Research Associates International,Pew Research Center for the People & the Press,02/01/2007,02/13/2007,1502.0,telephone,
156,USPSRA.121206.R28,"Since the start of military action in Iraq, about how many US (United States) soldiers have been killed?  To the best of your knowledge, have there been around 1,000, around 2,000, around 3,000, or around 4,000 military deaths in Iraq?","Around 1,000",6.0,Princeton Survey Research Associates International,Pew Research Center for the People & the Press,12/06/2006,12/10/2006,1502.0,telephone,
156,USPSRA.121206.R28,"Since the start of military action in Iraq, about how many US (United States) soldiers have been killed?  To the best of your knowledge, have there been around 1,000, around 2,000, around 3,000, or around 4,000 military deaths in Iraq?","Around 2,000",24.0,Princeton Survey Research Associates International,Pew Research Center for the People & the Press,12/06/2006,12/10/2006,1502.0,telephone,
156,USPSRA.121206.R28,"Since the start of military action in Iraq, about how many US (United States) soldiers have been killed?  To the best of your knowledge, have there been around 1,000, around 2,000, around 3,000, or around 4,000 military deaths in Iraq?","Around 3,000 (correct)",47.0,Princeton Survey Research Associates International,Pew Research Center for the People & the Press,12/06/2006,12/10/2006,1502.0,telephone,
156,USPSRA.121206.R28,"Since the start of military action in Iraq, about how many US (United States) soldiers have been killed?  To the best of your knowledge, have there been around 1,000, around 2,000, around 3,000, or around 4,000 military deaths in Iraq?","Around 4,000",16.0,Princeton Survey Research Associates International,Pew Research Center for the People & the Press,12/06/2006,12/10/2006,1502.0,telephone,
156,USPSRA.121206.R28,"Since the start of military action in Iraq, about how many US (United States) soldiers have been killed?  To the best of your knowledge, have there been around 1,000, around 2,000, around 3,000, or around 4,000 military deaths in Iraq?",Other (Vol.),1.0,Princeton Survey Research Associates International,Pew Research Center for the People & the Press,12/06/2006,12/10/2006,1502.0,telephone,
156,USPSRA.121206.R28,"Since the start of military action in Iraq, about how many US (United States) soldiers have been killed?  To the best of your knowledge, have there been around 1,000, around 2,000, around 3,000, or around 4,000 military deaths in Iraq?",Don't know/Refused,6.0,Princeton Survey Research Associates International,Pew Research Center for the People & the Press,12/06/2006,12/10/2006,1502.0,telephone,
157,USPSRA.042006.R57,"Since the start of military action in Iraq, about how many U.S. (United States) soldiers have been killed?  To the best of your knowledge, have there been around 500, around 1,500, around 2,500, or around 3,500 military deaths in Iraq?",Around 500,4.0,Princeton Survey Research Associates International,Pew Research Center for the People & the Press,04/07/2006,04/16/2006,1501.0,telephone,
157,USPSRA.042006.R57,"Since the start of military action in Iraq, about how many U.S. (United States) soldiers have been killed?  To the best of your knowledge, have there been around 500, around 1,500, around 2,500, or around 3,500 military deaths in Iraq?","Around 1,500",16.0,Princeton Survey Research Associates International,Pew Research Center for the People & the Press,04/07/2006,04/16/2006,1501.0,telephone,
157,USPSRA.042006.R57,"Since the start of military action in Iraq, about how many U.S. (United States) soldiers have been killed?  To the best of your knowledge, have there been around 500, around 1,500, around 2,500, or around 3,500 military deaths in Iraq?","Around 2,500 (correct)",53.0,Princeton Survey Research Associates International,Pew Research Center for the People & the Press,04/07/2006,04/16/2006,1501.0,telephone,
157,USPSRA.042006.R57,"Since the start of military action in Iraq, about how many U.S. (United States) soldiers have been killed?  To the best of your knowledge, have there been around 500, around 1,500, around 2,500, or around 3,500 military deaths in Iraq?","Around 3,500",19.0,Princeton Survey Research Associates International,Pew Research Center for the People & the Press,04/07/2006,04/16/2006,1501.0,telephone,
157,USPSRA.042006.R57,"Since the start of military action in Iraq, about how many U.S. (United States) soldiers have been killed?  To the best of your knowledge, have there been around 500, around 1,500, around 2,500, or around 3,500 military deaths in Iraq?",Other (Vol.),1.0,Princeton Survey Research Associates International,Pew Research Center for the People & the Press,04/07/2006,04/16/2006,1501.0,telephone,
157,USPSRA.042006.R57,"Since the start of military action in Iraq, about how many U.S. (United States) soldiers have been killed?  To the best of your knowledge, have there been around 500, around 1,500, around 2,500, or around 3,500 military deaths in Iraq?",Don't know/Refused,7.0,Princeton Survey Research Associates International,Pew Research Center for the People & the Press,04/07/2006,04/16/2006,1501.0,telephone,
158,USPSRA.111705.R23,"Since the start of military action in Iraq, about how many U.S. (United States) soldiers have been killed?  To the best of your knowledge, have there been around 500, around 1000, around 2000, or around 3000 military deaths in Iraq?",Around 500,5.0,Princeton Survey Research Associates International,"Pew Research Center for the People & the Press, Council on Foreign Relations",10/12/2005,10/24/2005,2006.0,telephone,
158,USPSRA.111705.R23,"Since the start of military action in Iraq, about how many U.S. (United States) soldiers have been killed?  To the best of your knowledge, have there been around 500, around 1000, around 2000, or around 3000 military deaths in Iraq?","Around 1,000",23.0,Princeton Survey Research Associates International,"Pew Research Center for the People & the Press, Council on Foreign Relations",10/12/2005,10/24/2005,2006.0,telephone,
158,USPSRA.111705.R23,"Since the start of military action in Iraq, about how many U.S. (United States) soldiers have been killed?  To the best of your knowledge, have there been around 500, around 1000, around 2000, or around 3000 military deaths in Iraq?","Around 2,000 (correct)",48.0,Princeton Survey Research Associates International,"Pew Research Center for the People & the Press, Council on Foreign Relations",10/12/2005,10/24/2005,2006.0,telephone,
158,USPSRA.111705.R23,"Since the start of military action in Iraq, about how many U.S. (United States) soldiers have been killed?  To the best of your knowledge, have there been around 500, around 1000, around 2000, or around 3000 military deaths in Iraq?","Around 3,000",19.0,Princeton Survey Research Associates International,"Pew Research Center for the People & the Press, Council on Foreign Relations",10/12/2005,10/24/2005,2006.0,telephone,
158,USPSRA.111705.R23,"Since the start of military action in Iraq, about how many U.S. (United States) soldiers have been killed?  To the best of your knowledge, have there been around 500, around 1000, around 2000, or around 3000 military deaths in Iraq?",Other (Vol.),1.0,Princeton Survey Research Associates International,"Pew Research Center for the People & the Press, Council on Foreign Relations",10/12/2005,10/24/2005,2006.0,telephone,
158,USPSRA.111705.R23,"Since the start of military action in Iraq, about how many U.S. (United States) soldiers have been killed?  To the best of your knowledge, have there been around 500, around 1000, around 2000, or around 3000 military deaths in Iraq?",Don't know/Refused,4.0,Princeton Survey Research Associates International,"Pew Research Center for the People & the Press, Council on Foreign Relations",10/12/2005,10/24/2005,2006.0,telephone,
159,USPSRA.061305.R25,"Since the start of military action in Iraq, about how many U.S. (United States) soldiers have been killed?  To the best of your knowledge, has it been under 500, 500 to 1000, 1000 to 2000, or more than 2000?",Under 500,4.0,Princeton Survey Research Associates International,Pew Research Center for the People & the Press,06/08/2005,06/12/2005,1464.0,telephone,
159,USPSRA.061305.R25,"Since the start of military action in Iraq, about how many U.S. (United States) soldiers have been killed?  To the best of your knowledge, has it been under 500, 500 to 1000, 1000 to 2000, or more than 2000?","500 to 1,000",13.0,Princeton Survey Research Associates International,Pew Research Center for the People & the Press,06/08/2005,06/12/2005,1464.0,telephone,
159,USPSRA.061305.R25,"Since the start of military action in Iraq, about how many U.S. (United States) soldiers have been killed?  To the best of your knowledge, has it been under 500, 500 to 1000, 1000 to 2000, or more than 2000?","1,000 to 2,000 (Correct)",54.0,Princeton Survey Research Associates International,Pew Research Center for the People & the Press,06/08/2005,06/12/2005,1464.0,telephone,
159,USPSRA.061305.R25,"Since the start of military action in Iraq, about how many U.S. (United States) soldiers have been killed?  To the best of your knowledge, has it been under 500, 500 to 1000, 1000 to 2000, or more than 2000?","More than 2,000",24.0,Princeton Survey Research Associates International,Pew Research Center for the People & the Press,06/08/2005,06/12/2005,1464.0,telephone,
159,USPSRA.061305.R25,"Since the start of military action in Iraq, about how many U.S. (United States) soldiers have been killed?  To the best of your knowledge, has it been under 500, 500 to 1000, 1000 to 2000, or more than 2000?",Don't know/Refused,5.0,Princeton Survey Research Associates International,Pew Research Center for the People & the Press,06/08/2005,06/12/2005,1464.0,telephone,
16,USPSRA.072612.R95,"Now, thinking about Barack Obama's religious beliefs...Do you happen to know what Barack Obama's religion is?  Is he Christian, Jewish, Muslim, Buddhist, Hindu, atheist, agnostic, or something else?","Christian (include volunteers of:  Protestant, Church of Christ, Trinity Church, Baptist, Methodists, etc.)",45,Princeton Survey Research Associates International,"Pew Research Center for the People & the Press, Pew Forum on Religion & Public Life",06/28/2012,07/09/2012,2973.0,telephone,
16,USPSRA.072612.R95,"Now, thinking about Barack Obama's religious beliefs...Do you happen to know what Barack Obama's religion is?  Is he Christian, Jewish, Muslim, Buddhist, Hindu, atheist, agnostic, or something else?",Jewish,*,Princeton Survey Research Associates International,"Pew Research Center for the People & the Press, Pew Forum on Religion & Public Life",06/28/2012,07/09/2012,2973.0,telephone,
16,USPSRA.072612.R95,"Now, thinking about Barack Obama's religious beliefs...Do you happen to know what Barack Obama's religion is?  Is he Christian, Jewish, Muslim, Buddhist, Hindu, atheist, agnostic, or something else?",Muslim (include Islam/Islamic),16,Princeton Survey Research Associates International,"Pew Research Center for the People & the Press, Pew Forum on Religion & Public Life",06/28/2012,07/09/2012,2973.0,telephone,
16,USPSRA.072612.R95,"Now, thinking about Barack Obama's religious beliefs...Do you happen to know what Barack Obama's religion is?  Is he Christian, Jewish, Muslim, Buddhist, Hindu, atheist, agnostic, or something else?",Buddhist,*,Princeton Survey Research Associates International,"Pew Research Center for the People & the Press, Pew Forum on Religion & Public Life",06/28/2012,07/09/2012,2973.0,telephone,
16,USPSRA.072612.R95,"Now, thinking about Barack Obama's religious beliefs...Do you happen to know what Barack Obama's religion is?  Is he Christian, Jewish, Muslim, Buddhist, Hindu, atheist, agnostic, or something else?",Hindu,*,Princeton Survey Research Associates International,"Pew Research Center for the People & the Press, Pew Forum on Religion & Public Life",06/28/2012,07/09/2012,2973.0,telephone,
16,USPSRA.072612.R95,"Now, thinking about Barack Obama's religious beliefs...Do you happen to know what Barack Obama's religion is?  Is he Christian, Jewish, Muslim, Buddhist, Hindu, atheist, agnostic, or something else?",Atheist,*,Princeton Survey Research Associates International,"Pew Research Center for the People & the Press, Pew Forum on Religion & Public Life",06/28/2012,07/09/2012,2973.0,telephone,
16,USPSRA.072612.R95,"Now, thinking about Barack Obama's religious beliefs...Do you happen to know what Barack Obama's religion is?  Is he Christian, Jewish, Muslim, Buddhist, Hindu, atheist, agnostic, or something else?",Agnostic,*,Princeton Survey Research Associates International,"Pew Research Center for the People & the Press, Pew Forum on Religion & Public Life",06/28/2012,07/09/2012,2973.0,telephone,
16,USPSRA.072612.R95,"Now, thinking about Barack Obama's religious beliefs...Do you happen to know what Barack Obama's religion is?  Is he Christian, Jewish, Muslim, Buddhist, Hindu, atheist, agnostic, or something else?",Something else,1,Princeton Survey Research Associates International,"Pew Research Center for the People & the Press, Pew Forum on Religion & Public Life",06/28/2012,07/09/2012,2973.0,telephone,
16,USPSRA.072612.R95,"Now, thinking about Barack Obama's religious beliefs...Do you happen to know what Barack Obama's religion is?  Is he Christian, Jewish, Muslim, Buddhist, Hindu, atheist, agnostic, or something else?",Don't know,36,Princeton Survey Research Associates International,"Pew Research Center for the People & the Press, Pew Forum on Religion & Public Life",06/28/2012,07/09/2012,2973.0,telephone,
16,USPSRA.072612.R95,"Now, thinking about Barack Obama's religious beliefs...Do you happen to know what Barack Obama's religion is?  Is he Christian, Jewish, Muslim, Buddhist, Hindu, atheist, agnostic, or something else?",Refused,1,Princeton Survey Research Associates International,"Pew Research Center for the People & the Press, Pew Forum on Religion & Public Life",06/28/2012,07/09/2012,2973.0,telephone,
160,USPSRA.060804.R44,"(Next I would like to ask you about some things that have been in the news. Not everyone will have heard about them.)...Since the start of the military action in Iraq last March (2003), about how many U.S. (United States) soldiers have been killed? To the best of your knowledge, has it been under 500, 500 to 1000, 1000 to 2000, or more than 2000? (If Respondent says '500', '1000' or '2,000', prompt:) Would you say it is a little over or a little under?",Under 500,28.0,Princeton Survey Research Associates International,Pew Research Center for the People & the Press,04/19/2004,05/12/2004,3000.0,telephone,
160,USPSRA.060804.R44,"(Next I would like to ask you about some things that have been in the news. Not everyone will have heard about them.)...Since the start of the military action in Iraq last March (2003), about how many U.S. (United States) soldiers have been killed? To the best of your knowledge, has it been under 500, 500 to 1000, 1000 to 2000, or more than 2000? (If Respondent says '500', '1000' or '2,000', prompt:) Would you say it is a little over or a little under?","500 to 1,000 (Correct)",55.0,Princeton Survey Research Associates International,Pew Research Center for the People & the Press,04/19/2004,05/12/2004,3000.0,telephone,
160,USPSRA.060804.R44,"(Next I would like to ask you about some things that have been in the news. Not everyone will have heard about them.)...Since the start of the military action in Iraq last March (2003), about how many U.S. (United States) soldiers have been killed? To the best of your knowledge, has it been under 500, 500 to 1000, 1000 to 2000, or more than 2000? (If Respondent says '500', '1000' or '2,000', prompt:) Would you say it is a little over or a little under?","1,000 to 2,000",6.0,Princeton Survey Research Associates International,Pew Research Center for the People & the Press,04/19/2004,05/12/2004,3000.0,telephone,
160,USPSRA.060804.R44,"(Next I would like to ask you about some things that have been in the news. Not everyone will have heard about them.)...Since the start of the military action in Iraq last March (2003), about how many U.S. (United States) soldiers have been killed? To the best of your knowledge, has it been under 500, 500 to 1000, 1000 to 2000, or more than 2000? (If Respondent says '500', '1000' or '2,000', prompt:) Would you say it is a little over or a little under?","More than 2,000",4.0,Princeton Survey Research Associates International,Pew Research Center for the People & the Press,04/19/2004,05/12/2004,3000.0,telephone,
160,USPSRA.060804.R44,"(Next I would like to ask you about some things that have been in the news. Not everyone will have heard about them.)...Since the start of the military action in Iraq last March (2003), about how many U.S. (United States) soldiers have been killed? To the best of your knowledge, has it been under 500, 500 to 1000, 1000 to 2000, or more than 2000? (If Respondent says '500', '1000' or '2,000', prompt:) Would you say it is a little over or a little under?",Don't know/Refused,7.0,Princeton Survey Research Associates International,Pew Research Center for the People & the Press,04/19/2004,05/12/2004,3000.0,telephone,
163,USPSRNEW.100204.R18,"Do you think Saddam Hussein's regime in Iraq was directly involved in planning, financing, or carrying out the terrorist attacks (on the World Trade Center and the Pentagon) of September 11th, 2001, or not?",Yes,36.0,Princeton Survey Research Associates International,Newsweek,09/30/2004,10/02/2004,1144.0,telephone,Registered voters
163,USPSRNEW.100204.R18,"Do you think Saddam Hussein's regime in Iraq was directly involved in planning, financing, or carrying out the terrorist attacks (on the World Trade Center and the Pentagon) of September 11th, 2001, or not?",No,51.0,Princeton Survey Research Associates International,Newsweek,09/30/2004,10/02/2004,1144.0,telephone,Registered voters
163,USPSRNEW.100204.R18,"Do you think Saddam Hussein's regime in Iraq was directly involved in planning, financing, or carrying out the terrorist attacks (on the World Trade Center and the Pentagon) of September 11th, 2001, or not?",Don't know,13.0,Princeton Survey Research Associates International,Newsweek,09/30/2004,10/02/2004,1144.0,telephone,Registered voters
164,USPSRNEW.090404.R18,"Do you think Saddam Hussein's regime in Iraq was directly involved in planning, financing, or carrying out the terrorist attacks (on the World Trade Center and the Pentagon) of September 11th, 2001, or not?",Yes,42.0,Princeton Survey Research Associates International,Newsweek,09/02/2004,09/03/2004,1188.0,telephone,Registered voters
164,USPSRNEW.090404.R18,"Do you think Saddam Hussein's regime in Iraq was directly involved in planning, financing, or carrying out the terrorist attacks (on the World Trade Center and the Pentagon) of September 11th, 2001, or not?",No,44.0,Princeton Survey Research Associates International,Newsweek,09/02/2004,09/03/2004,1188.0,telephone,Registered voters
164,USPSRNEW.090404.R18,"Do you think Saddam Hussein's regime in Iraq was directly involved in planning, financing, or carrying out the terrorist attacks (on the World Trade Center and the Pentagon) of September 11th, 2001, or not?",Don't know,14.0,Princeton Survey Research Associates International,Newsweek,09/02/2004,09/03/2004,1188.0,telephone,Registered voters
166,USPSRNEW.013104.R18,"Do you think Saddam Hussein's regime in Iraq was directly involved in planning, financing, or carrying out the terrorist attacks (on the World Trade Center and the Pentagon) of September 11th, 2001, or not?",Yes,49.0,Princeton Survey Research Associates International,Newsweek,01/29/2004,01/30/2004,1259.0,telephone,
166,USPSRNEW.013104.R18,"Do you think Saddam Hussein's regime in Iraq was directly involved in planning, financing, or carrying out the terrorist attacks (on the World Trade Center and the Pentagon) of September 11th, 2001, or not?",No,39.0,Princeton Survey Research Associates International,Newsweek,01/29/2004,01/30/2004,1259.0,telephone,
166,USPSRNEW.013104.R18,"Do you think Saddam Hussein's regime in Iraq was directly involved in planning, financing, or carrying out the terrorist attacks (on the World Trade Center and the Pentagon) of September 11th, 2001, or not?",Don't know,12.0,Princeton Survey Research Associates International,Newsweek,01/29/2004,01/30/2004,1259.0,telephone,
167,USPSRNEW.092003.R14,"Do you think Saddam Hussein's regime in Iraq was directly involved in planning, financing, or carrying out the terrorist attacks (on the World Trade Center and the Pentagon) of September 11th, 2001, or not?",Yes,47.0,Princeton Survey Research Associates,Newsweek,09/18/2003,09/19/2003,1001.0,telephone,
167,USPSRNEW.092003.R14,"Do you think Saddam Hussein's regime in Iraq was directly involved in planning, financing, or carrying out the terrorist attacks (on the World Trade Center and the Pentagon) of September 11th, 2001, or not?",No,37.0,Princeton Survey Research Associates,Newsweek,09/18/2003,09/19/2003,1001.0,telephone,
167,USPSRNEW.092003.R14,"Do you think Saddam Hussein's regime in Iraq was directly involved in planning, financing, or carrying out the terrorist attacks (on the World Trade Center and the Pentagon) of September 11th, 2001, or not?",Don't know,16.0,Princeton Survey Research Associates,Newsweek,09/18/2003,09/19/2003,1001.0,telephone,
169,USCBSNYT.091516A.R54,"Compared to American citizens, how likely do you think illegal immigrants are to commit crimes--are illegal immigrants more likely, less likely, or about as likely to commit crimes as American citizens?",More likely,25.0,CBS News/New York Times,,09/09/2016,09/13/2016,1753.0,telephone,Registered voters
169,USCBSNYT.091516A.R54,"Compared to American citizens, how likely do you think illegal immigrants are to commit crimes--are illegal immigrants more likely, less likely, or about as likely to commit crimes as American citizens?",Less likely,14.0,CBS News/New York Times,,09/09/2016,09/13/2016,1753.0,telephone,Registered voters
169,USCBSNYT.091516A.R54,"Compared to American citizens, how likely do you think illegal immigrants are to commit crimes--are illegal immigrants more likely, less likely, or about as likely to commit crimes as American citizens?",About as likely,59.0,CBS News/New York Times,,09/09/2016,09/13/2016,1753.0,telephone,Registered voters
169,USCBSNYT.091516A.R54,"Compared to American citizens, how likely do you think illegal immigrants are to commit crimes--are illegal immigrants more likely, less likely, or about as likely to commit crimes as American citizens?",Don't know/No answer,2.0,CBS News/New York Times,,09/09/2016,09/13/2016,1753.0,telephone,Registered voters
17,USNBCWSJ.12JUN.R20B,"Do you know what Barack Obama's religion is? (If Yes, ask:) What religion is he?","Protestant, includes United Church of Christ, Baptist, Lutheran, Methodist, Episcopal, Presbyterian, and other Christians",43.0,Hart and McInturff Research Companies,"NBC News, Wall Street Journal",06/20/2012,06/24/2012,1000.0,telephone,Registered voters
17,USNBCWSJ.12JUN.R20B,"Do you know what Barack Obama's religion is? (If Yes, ask:) What religion is he?",Catholic,1.0,Hart and McInturff Research Companies,"NBC News, Wall Street Journal",06/20/2012,06/24/2012,1000.0,telephone,Registered voters
17,USNBCWSJ.12JUN.R20B,"Do you know what Barack Obama's religion is? (If Yes, ask:) What religion is he?",Muslim,8.0,Hart and McInturff Research Companies,"NBC News, Wall Street Journal",06/20/2012,06/24/2012,1000.0,telephone,Registered voters
17,USNBCWSJ.12JUN.R20B,"Do you know what Barack Obama's religion is? (If Yes, ask:) What religion is he?",Mormon/LDS/Church of Jesus Christ of Latter Day Saints,1.0,Hart and McInturff Research Companies,"NBC News, Wall Street Journal",06/20/2012,06/24/2012,1000.0,telephone,Registered voters
17,USNBCWSJ.12JUN.R20B,"Do you know what Barack Obama's religion is? (If Yes, ask:) What religion is he?",Other,4.0,Hart and McInturff Research Companies,"NBC News, Wall Street Journal",06/20/2012,06/24/2012,1000.0,telephone,Registered voters
17,USNBCWSJ.12JUN.R20B,"Do you know what Barack Obama's religion is? (If Yes, ask:) What religion is he?",,3.0,Hart and McInturff Research Companies,"NBC News, Wall Street Journal",06/20/2012,06/24/2012,1000.0,telephone,Registered voters
17,USNBCWSJ.12JUN.R20B,"Do you know what Barack Obama's religion is? (If Yes, ask:) What religion is he?",Not sure/Refused,40.0,Hart and McInturff Research Companies,"NBC News, Wall Street Journal",06/20/2012,06/24/2012,1000.0,telephone,Registered voters
172,USCBS.080415.R62,"Compared to American citizens, how likely do you think illegal immigrants are to commit crimes--are illegal immigrants more likely, less likely or about as likely to commit crimes as American citizens?",More likely,22.0,CBS News,,07/29/2015,08/02/2015,1252.0,telephone,
172,USCBS.080415.R62,"Compared to American citizens, how likely do you think illegal immigrants are to commit crimes--are illegal immigrants more likely, less likely or about as likely to commit crimes as American citizens?",Less likely,17.0,CBS News,,07/29/2015,08/02/2015,1252.0,telephone,
172,USCBS.080415.R62,"Compared to American citizens, how likely do you think illegal immigrants are to commit crimes--are illegal immigrants more likely, less likely or about as likely to commit crimes as American citizens?",About as likely,58.0,CBS News,,07/29/2015,08/02/2015,1252.0,telephone,
172,USCBS.080415.R62,"Compared to American citizens, how likely do you think illegal immigrants are to commit crimes--are illegal immigrants more likely, less likely or about as likely to commit crimes as American citizens?",Don't know/No answer,3.0,CBS News,,07/29/2015,08/02/2015,1252.0,telephone,
173,USCBSNYT.052407A.R58,"Compared to American citizens, how likely do you think illegal immigrants are to commit crimes--are illegal immigrants more likely, less likely or about as likely to commit crimes as American citizens?",More likely,30.0,CBS News/New York Times,,05/18/2007,05/23/2007,1125.0,telephone,
173,USCBSNYT.052407A.R58,"Compared to American citizens, how likely do you think illegal immigrants are to commit crimes--are illegal immigrants more likely, less likely or about as likely to commit crimes as American citizens?",Less likely,14.0,CBS News/New York Times,,05/18/2007,05/23/2007,1125.0,telephone,
173,USCBSNYT.052407A.R58,"Compared to American citizens, how likely do you think illegal immigrants are to commit crimes--are illegal immigrants more likely, less likely or about as likely to commit crimes as American citizens?",About as likely,53.0,CBS News/New York Times,,05/18/2007,05/23/2007,1125.0,telephone,
173,USCBSNYT.052407A.R58,"Compared to American citizens, how likely do you think illegal immigrants are to commit crimes--are illegal immigrants more likely, less likely or about as likely to commit crimes as American citizens?",Don't know/No answer,3.0,CBS News/New York Times,,05/18/2007,05/23/2007,1125.0,telephone,
174,USPSRA.031517.R13J,"(I'm going to read a list of specific elements or parts of the 2010 health care law. For each, please tell me whether you think it is something the law does, or not.) To the best of your knowledge, would you say the 2010 health care law does or does not...allow undocumented immigrants to receive financial help from the government to buy health insurance?","Yes, law does this",50,Princeton Survey Research Associates International,Henry J. Kaiser Family Foundation,03/06/2017,03/12/2017,1206.0,telephone,Asked of Form B half sample
174,USPSRA.031517.R13J,"(I'm going to read a list of specific elements or parts of the 2010 health care law. For each, please tell me whether you think it is something the law does, or not.) To the best of your knowledge, would you say the 2010 health care law does or does not...allow undocumented immigrants to receive financial help from the government to buy health insurance?","No, law does not do this",39,Princeton Survey Research Associates International,Henry J. Kaiser Family Foundation,03/06/2017,03/12/2017,1206.0,telephone,Asked of Form B half sample
174,USPSRA.031517.R13J,"(I'm going to read a list of specific elements or parts of the 2010 health care law. For each, please tell me whether you think it is something the law does, or not.) To the best of your knowledge, would you say the 2010 health care law does or does not...allow undocumented immigrants to receive financial help from the government to buy health insurance?",Don't know,11,Princeton Survey Research Associates International,Henry J. Kaiser Family Foundation,03/06/2017,03/12/2017,1206.0,telephone,Asked of Form B half sample
174,USPSRA.031517.R13J,"(I'm going to read a list of specific elements or parts of the 2010 health care law. For each, please tell me whether you think it is something the law does, or not.) To the best of your knowledge, would you say the 2010 health care law does or does not...allow undocumented immigrants to receive financial help from the government to buy health insurance?",Refused,*,Princeton Survey Research Associates International,Henry J. Kaiser Family Foundation,03/06/2017,03/12/2017,1206.0,telephone,Asked of Form B half sample
175,USPSRA.13HTPMAR.R09E,"(I'm going to read you a list of specific elements or parts of the (2010 health reform) law.  For each, please tell me whether you think it is included in the health reform law, or not.) To the best of your knowledge, would you say the health reform law does or does not...allow undocumented immigrants to receive financial help from the government to buy health insurance?","Yes, law does this",47.0,Princeton Survey Research Associates International,Henry J. Kaiser Family Foundation,03/05/2013,03/10/2013,1204.0,telephone,Asked of Form A half sample
175,USPSRA.13HTPMAR.R09E,"(I'm going to read you a list of specific elements or parts of the (2010 health reform) law.  For each, please tell me whether you think it is included in the health reform law, or not.) To the best of your knowledge, would you say the health reform law does or does not...allow undocumented immigrants to receive financial help from the government to buy health insurance?","No, law does not do this",33.0,Princeton Survey Research Associates International,Henry J. Kaiser Family Foundation,03/05/2013,03/10/2013,1204.0,telephone,Asked of Form A half sample
175,USPSRA.13HTPMAR.R09E,"(I'm going to read you a list of specific elements or parts of the (2010 health reform) law.  For each, please tell me whether you think it is included in the health reform law, or not.) To the best of your knowledge, would you say the health reform law does or does not...allow undocumented immigrants to receive financial help from the government to buy health insurance?",Don't know/Refused,21.0,Princeton Survey Research Associates International,Henry J. Kaiser Family Foundation,03/05/2013,03/10/2013,1204.0,telephone,Asked of Form A half sample
176,USPSRA.13HTPFEB.R06A,"Thinking again about the 2010 health care law...to the best of your knowledge, would you say the health care law does or does not...allow undocumented immigrants to receive financial help from the government to buy health insurance?","Yes, law does this",42.0,Princeton Survey Research Associates International,Henry J. Kaiser Family Foundation,02/14/2013,02/19/2013,1209.0,telephone,
176,USPSRA.13HTPFEB.R06A,"Thinking again about the 2010 health care law...to the best of your knowledge, would you say the health care law does or does not...allow undocumented immigrants to receive financial help from the government to buy health insurance?","No, law does not do this",35.0,Princeton Survey Research Associates International,Henry J. Kaiser Family Foundation,02/14/2013,02/19/2013,1209.0,telephone,
176,USPSRA.13HTPFEB.R06A,"Thinking again about the 2010 health care law...to the best of your knowledge, would you say the health care law does or does not...allow undocumented immigrants to receive financial help from the government to buy health insurance?",Don't know/Refused,23.0,Princeton Survey Research Associates International,Henry J. Kaiser Family Foundation,02/14/2013,02/19/2013,1209.0,telephone,
177,USPSRA.2010HNI094.Q07J,"(I'm going to read you a list of specific reform proposals.  For each, please tell me whether you think it was included in the new (March 2010) health reform law, or not.) To the best of your knowledge, would you say the new law does or does not...allow undocumented immigrants to receive financial help from the government to buy health insurance?","Yes, law will do this",41.0,Princeton Survey Research Associates International,Henry J. Kaiser Family Foundation,12/01/2010,12/06/2010,1207.0,telephone,
177,USPSRA.2010HNI094.Q07J,"(I'm going to read you a list of specific reform proposals.  For each, please tell me whether you think it was included in the new (March 2010) health reform law, or not.) To the best of your knowledge, would you say the new law does or does not...allow undocumented immigrants to receive financial help from the government to buy health insurance?","No, law will not do this",42.0,Princeton Survey Research Associates International,Henry J. Kaiser Family Foundation,12/01/2010,12/06/2010,1207.0,telephone,
177,USPSRA.2010HNI094.Q07J,"(I'm going to read you a list of specific reform proposals.  For each, please tell me whether you think it was included in the new (March 2010) health reform law, or not.) To the best of your knowledge, would you say the new law does or does not...allow undocumented immigrants to receive financial help from the government to buy health insurance?",Don't know/Refused,16.0,Princeton Survey Research Associates International,Henry J. Kaiser Family Foundation,12/01/2010,12/06/2010,1207.0,telephone,
178,USPSRA.13HTPMAR.R09B,"(I'm going to read you a list of specific elements or parts of the (2010 health reform) law.  For each, please tell me whether you think it is included in the health reform law, or not.) To the best of your knowledge, would you say the health reform law does or does not...establish a government panel to make decisions about end-of-life care for people on Medicare?","Yes, law does this",40.0,Princeton Survey Research Associates International,Henry J. Kaiser Family Foundation,03/05/2013,03/10/2013,1204.0,telephone,Asked of Form A half sample
178,USPSRA.13HTPMAR.R09B,"(I'm going to read you a list of specific elements or parts of the (2010 health reform) law.  For each, please tell me whether you think it is included in the health reform law, or not.) To the best of your knowledge, would you say the health reform law does or does not...establish a government panel to make decisions about end-of-life care for people on Medicare?","No, law does not do this",39.0,Princeton Survey Research Associates International,Henry J. Kaiser Family Foundation,03/05/2013,03/10/2013,1204.0,telephone,Asked of Form A half sample
178,USPSRA.13HTPMAR.R09B,"(I'm going to read you a list of specific elements or parts of the (2010 health reform) law.  For each, please tell me whether you think it is included in the health reform law, or not.) To the best of your knowledge, would you say the health reform law does or does not...establish a government panel to make decisions about end-of-life care for people on Medicare?",Don't know/Refused,21.0,Princeton Survey Research Associates International,Henry J. Kaiser Family Foundation,03/05/2013,03/10/2013,1204.0,telephone,Asked of Form A half sample
179,USPSRA.12HTPSEP.R16G,"(I'm going to read you a list of specific ways the new (2010) health reform law may or may not impact Medicare.  For each, please tell me if you think it is something the law does or does not do.) To the best of your knowledge, would you say the new law does or does not...establish a government panel to make decisions about end-of-life care for people on Medicare?","Yes, law does this",39.0,Princeton Survey Research Associates International,Henry J. Kaiser Family Foundation,09/13/2012,09/19/2012,1534.0,telephone,
179,USPSRA.12HTPSEP.R16G,"(I'm going to read you a list of specific ways the new (2010) health reform law may or may not impact Medicare.  For each, please tell me if you think it is something the law does or does not do.) To the best of your knowledge, would you say the new law does or does not...establish a government panel to make decisions about end-of-life care for people on Medicare?","No, law does not do this",39.0,Princeton Survey Research Associates International,Henry J. Kaiser Family Foundation,09/13/2012,09/19/2012,1534.0,telephone,
179,USPSRA.12HTPSEP.R16G,"(I'm going to read you a list of specific ways the new (2010) health reform law may or may not impact Medicare.  For each, please tell me if you think it is something the law does or does not do.) To the best of your knowledge, would you say the new law does or does not...establish a government panel to make decisions about end-of-life care for people on Medicare?",Don't know/Refused,22.0,Princeton Survey Research Associates International,Henry J. Kaiser Family Foundation,09/13/2012,09/19/2012,1534.0,telephone,
18,USPRRI.12RELNEWSMAY.R04A,"Do you happen to know what...Barack Obama's religion is?  Is he Protestant, Catholic, Jewish, Mormon, Muslim, something else, or is he not religious?",Protestant,25,Public Religion Research Institute,"PRRI, Religion News Service",05/02/2012,05/06/2012,1006.0,telephone,
18,USPRRI.12RELNEWSMAY.R04A,"Do you happen to know what...Barack Obama's religion is?  Is he Protestant, Catholic, Jewish, Mormon, Muslim, something else, or is he not religious?",Catholic,5,Public Religion Research Institute,"PRRI, Religion News Service",05/02/2012,05/06/2012,1006.0,telephone,
18,USPRRI.12RELNEWSMAY.R04A,"Do you happen to know what...Barack Obama's religion is?  Is he Protestant, Catholic, Jewish, Mormon, Muslim, something else, or is he not religious?",Jewish,*,Public Religion Research Institute,"PRRI, Religion News Service",05/02/2012,05/06/2012,1006.0,telephone,
18,USPRRI.12RELNEWSMAY.R04A,"Do you happen to know what...Barack Obama's religion is?  Is he Protestant, Catholic, Jewish, Mormon, Muslim, something else, or is he not religious?",Mormon,1,Public Religion Research Institute,"PRRI, Religion News Service",05/02/2012,05/06/2012,1006.0,telephone,
18,USPRRI.12RELNEWSMAY.R04A,"Do you happen to know what...Barack Obama's religion is?  Is he Protestant, Catholic, Jewish, Mormon, Muslim, something else, or is he not religious?",Muslim,16,Public Religion Research Institute,"PRRI, Religion News Service",05/02/2012,05/06/2012,1006.0,telephone,
18,USPRRI.12RELNEWSMAY.R04A,"Do you happen to know what...Barack Obama's religion is?  Is he Protestant, Catholic, Jewish, Mormon, Muslim, something else, or is he not religious?",Something else,*,Public Religion Research Institute,"PRRI, Religion News Service",05/02/2012,05/06/2012,1006.0,telephone,
18,USPRRI.12RELNEWSMAY.R04A,"Do you happen to know what...Barack Obama's religion is?  Is he Protestant, Catholic, Jewish, Mormon, Muslim, something else, or is he not religious?",Not religious,3,Public Religion Research Institute,"PRRI, Religion News Service",05/02/2012,05/06/2012,1006.0,telephone,
18,USPRRI.12RELNEWSMAY.R04A,"Do you happen to know what...Barack Obama's religion is?  Is he Protestant, Catholic, Jewish, Mormon, Muslim, something else, or is he not religious?",Christian (Vol.),8,Public Religion Research Institute,"PRRI, Religion News Service",05/02/2012,05/06/2012,1006.0,telephone,
18,USPRRI.12RELNEWSMAY.R04A,"Do you happen to know what...Barack Obama's religion is?  Is he Protestant, Catholic, Jewish, Mormon, Muslim, something else, or is he not religious?",Don't know what his religion is,41,Public Religion Research Institute,"PRRI, Religion News Service",05/02/2012,05/06/2012,1006.0,telephone,
18,USPRRI.12RELNEWSMAY.R04A,"Do you happen to know what...Barack Obama's religion is?  Is he Protestant, Catholic, Jewish, Mormon, Muslim, something else, or is he not religious?",Refused,*,Public Religion Research Institute,"PRRI, Religion News Service",05/02/2012,05/06/2012,1006.0,telephone,
180,USABCWP.113015.R27,"Do you think most scientists agree with one another about whether or not global warming is happening, or do you think there is a lot of disagreement among scientists on this issue?",Most agree,43.0,ABC News/Washington Post,,11/16/2015,11/19/2015,1004.0,telephone,
180,USABCWP.113015.R27,"Do you think most scientists agree with one another about whether or not global warming is happening, or do you think there is a lot of disagreement among scientists on this issue?",A lot of disagreement,51.0,ABC News/Washington Post,,11/16/2015,11/19/2015,1004.0,telephone,
180,USABCWP.113015.R27,"Do you think most scientists agree with one another about whether or not global warming is happening, or do you think there is a lot of disagreement among scientists on this issue?",No opinion,6.0,ABC News/Washington Post,,11/16/2015,11/19/2015,1004.0,telephone,
181,USPSRA.022312.R45,"From what you've read and heard, how much of the money the government provided to banks and financial institutions has been paid back...all of the money, most of it, only some of it, or none of it?",All of it,2.0,Princeton Survey Research Associates International,Pew Research Center for the People & the Press,02/08/2012,02/12/2012,1501.0,telephone,
181,USPSRA.022312.R45,"From what you've read and heard, how much of the money the government provided to banks and financial institutions has been paid back...all of the money, most of it, only some of it, or none of it?",Most of it,13.0,Princeton Survey Research Associates International,Pew Research Center for the People & the Press,02/08/2012,02/12/2012,1501.0,telephone,
181,USPSRA.022312.R45,"From what you've read and heard, how much of the money the government provided to banks and financial institutions has been paid back...all of the money, most of it, only some of it, or none of it?",Only some of it,56.0,Princeton Survey Research Associates International,Pew Research Center for the People & the Press,02/08/2012,02/12/2012,1501.0,telephone,
181,USPSRA.022312.R45,"From what you've read and heard, how much of the money the government provided to banks and financial institutions has been paid back...all of the money, most of it, only some of it, or none of it?",None of it,16.0,Princeton Survey Research Associates International,Pew Research Center for the People & the Press,02/08/2012,02/12/2012,1501.0,telephone,
181,USPSRA.022312.R45,"From what you've read and heard, how much of the money the government provided to banks and financial institutions has been paid back...all of the money, most of it, only some of it, or none of it?",Don't know/Refused,13.0,Princeton Survey Research Associates International,Pew Research Center for the People & the Press,02/08/2012,02/12/2012,1501.0,telephone,
182,USORC.042810NII.R5,"Based on what you've read or heard, how much of the money the federal government provided to US (United States) automakers has been paid back...all of the money, most of it, only some of it, or none of it?",All of it,7.0,Opinion Research Corporation,Pew Research Center for the People & the Press,04/23/2010,04/26/2010,1008.0,telephone,
182,USORC.042810NII.R5,"Based on what you've read or heard, how much of the money the federal government provided to US (United States) automakers has been paid back...all of the money, most of it, only some of it, or none of it?",Most of it,18.0,Opinion Research Corporation,Pew Research Center for the People & the Press,04/23/2010,04/26/2010,1008.0,telephone,
182,USORC.042810NII.R5,"Based on what you've read or heard, how much of the money the federal government provided to US (United States) automakers has been paid back...all of the money, most of it, only some of it, or none of it?",Only some of it,50.0,Opinion Research Corporation,Pew Research Center for the People & the Press,04/23/2010,04/26/2010,1008.0,telephone,
182,USORC.042810NII.R5,"Based on what you've read or heard, how much of the money the federal government provided to US (United States) automakers has been paid back...all of the money, most of it, only some of it, or none of it?",,15.0,Opinion Research Corporation,Pew Research Center for the People & the Press,04/23/2010,04/26/2010,1008.0,telephone,
182,USORC.042810NII.R5,"Based on what you've read or heard, how much of the money the federal government provided to US (United States) automakers has been paid back...all of the money, most of it, only some of it, or none of it?",Don't know/Refused,11.0,Opinion Research Corporation,Pew Research Center for the People & the Press,04/23/2010,04/26/2010,1008.0,telephone,
183,USORC.042810NII.R4,"Based on what you've read or heard, how much of the money the federal government provided to troubled banks and financial institutions has been paid back...all of the money, most of it, only some of it, or none of it?",All of it,2.0,Opinion Research Corporation,Pew Research Center for the People & the Press,04/23/2010,04/26/2010,1008.0,telephone,
183,USORC.042810NII.R4,"Based on what you've read or heard, how much of the money the federal government provided to troubled banks and financial institutions has been paid back...all of the money, most of it, only some of it, or none of it?",Most of it,17.0,Opinion Research Corporation,Pew Research Center for the People & the Press,04/23/2010,04/26/2010,1008.0,telephone,
183,USORC.042810NII.R4,"Based on what you've read or heard, how much of the money the federal government provided to troubled banks and financial institutions has been paid back...all of the money, most of it, only some of it, or none of it?",Only some of it,57.0,Opinion Research Corporation,Pew Research Center for the People & the Press,04/23/2010,04/26/2010,1008.0,telephone,
183,USORC.042810NII.R4,"Based on what you've read or heard, how much of the money the federal government provided to troubled banks and financial institutions has been paid back...all of the money, most of it, only some of it, or none of it?",,13.0,Opinion Research Corporation,Pew Research Center for the People & the Press,04/23/2010,04/26/2010,1008.0,telephone,
183,USORC.042810NII.R4,"Based on what you've read or heard, how much of the money the federal government provided to troubled banks and financial institutions has been paid back...all of the money, most of it, only some of it, or none of it?",Don't know/Refused,11.0,Opinion Research Corporation,Pew Research Center for the People & the Press,04/23/2010,04/26/2010,1008.0,telephone,
19,USLD.120811.R17,"Do you happen to know President Barack Obama's religion?  Just tell me what you think his religion is....Baptist, Lutheran, Methodist, Presbyterian, Episcopalian, Pentecostal, Jehovah's Witness, Church of Christ, Church of Jesus Christ of Latter Day Saints",Protestant,11,Latino Decisions,impreMedia,11/27/2011,12/04/2011,500.0,telephone,
19,USLD.120811.R17,"Do you happen to know President Barack Obama's religion?  Just tell me what you think his religion is....Baptist, Lutheran, Methodist, Presbyterian, Episcopalian, Pentecostal, Jehovah's Witness, Church of Christ, Church of Jesus Christ of Latter Day Saints",Roman Catholic,7,Latino Decisions,impreMedia,11/27/2011,12/04/2011,500.0,telephone,
19,USLD.120811.R17,"Do you happen to know President Barack Obama's religion?  Just tell me what you think his religion is....Baptist, Lutheran, Methodist, Presbyterian, Episcopalian, Pentecostal, Jehovah's Witness, Church of Christ, Church of Jesus Christ of Latter Day Saints",Mormon,1,Latino Decisions,impreMedia,11/27/2011,12/04/2011,500.0,telephone,
19,USLD.120811.R17,"Do you happen to know President Barack Obama's religion?  Just tell me what you think his religion is....Baptist, Lutheran, Methodist, Presbyterian, Episcopalian, Pentecostal, Jehovah's Witness, Church of Christ, Church of Jesus Christ of Latter Day Saints",Islam/Muslim,12,Latino Decisions,impreMedia,11/27/2011,12/04/2011,500.0,telephone,
19,USLD.120811.R17,"Do you happen to know President Barack Obama's religion?  Just tell me what you think his religion is....Baptist, Lutheran, Methodist, Presbyterian, Episcopalian, Pentecostal, Jehovah's Witness, Church of Christ, Church of Jesus Christ of Latter Day Saints",Other religion,18,Latino Decisions,impreMedia,11/27/2011,12/04/2011,500.0,telephone,
19,USLD.120811.R17,"Do you happen to know President Barack Obama's religion?  Just tell me what you think his religion is....Baptist, Lutheran, Methodist, Presbyterian, Episcopalian, Pentecostal, Jehovah's Witness, Church of Christ, Church of Jesus Christ of Latter Day Saints",Jewish,*,Latino Decisions,impreMedia,11/27/2011,12/04/2011,500.0,telephone,
19,USLD.120811.R17,"Do you happen to know President Barack Obama's religion?  Just tell me what you think his religion is....Baptist, Lutheran, Methodist, Presbyterian, Episcopalian, Pentecostal, Jehovah's Witness, Church of Christ, Church of Jesus Christ of Latter Day Saints","No religion, not a believer, atheist, agnostic",1,Latino Decisions,impreMedia,11/27/2011,12/04/2011,500.0,telephone,
19,USLD.120811.R17,"Do you happen to know President Barack Obama's religion?  Just tell me what you think his religion is....Baptist, Lutheran, Methodist, Presbyterian, Episcopalian, Pentecostal, Jehovah's Witness, Church of Christ, Church of Jesus Christ of Latter Day Saints",Don't know,48,Latino Decisions,impreMedia,11/27/2011,12/04/2011,500.0,telephone,
19,USLD.120811.R17,"Do you happen to know President Barack Obama's religion?  Just tell me what you think his religion is....Baptist, Lutheran, Methodist, Presbyterian, Episcopalian, Pentecostal, Jehovah's Witness, Church of Christ, Church of Jesus Christ of Latter Day Saints",Refused,2,Latino Decisions,impreMedia,11/27/2011,12/04/2011,500.0,telephone,
2,USORC.050611A.R40,"Do you think Barack Obama was definitely born in the United States, probably born in the United States, probably born in another country, or definitely born in another country?",Definitely born in US,58.0,Opinion Research Corporation,Cable News Network,04/29/2011,05/01/2011,1034.0,telephone,
2,USORC.050611A.R40,"Do you think Barack Obama was definitely born in the United States, probably born in the United States, probably born in another country, or definitely born in another country?",Probably born in US,22.0,Opinion Research Corporation,Cable News Network,04/29/2011,05/01/2011,1034.0,telephone,
2,USORC.050611A.R40,"Do you think Barack Obama was definitely born in the United States, probably born in the United States, probably born in another country, or definitely born in another country?",Probably born in another country,10.0,Opinion Research Corporation,Cable News Network,04/29/2011,05/01/2011,1034.0,telephone,
2,USORC.050611A.R40,"Do you think Barack Obama was definitely born in the United States, probably born in the United States, probably born in another country, or definitely born in another country?",Definitely born in another country,7.0,Opinion Research Corporation,Cable News Network,04/29/2011,05/01/2011,1034.0,telephone,
2,USORC.050611A.R40,"Do you think Barack Obama was definitely born in the United States, probably born in the United States, probably born in another country, or definitely born in another country?",No opinion,2.0,Opinion Research Corporation,Cable News Network,04/29/2011,05/01/2011,1034.0,telephone,
20,USPRRI.11RELNEWJL14.R03A,"Thinking about current political leaders...Do you happen to know what...Barack Obama's religion is?  Is he Protestant, Catholic, Jewish, Mormon, Muslim, something else, or is he not religious?",Protestant,26,Public Religion Research Institute,"PRRI, Religion News Service",07/14/2011,07/17/2011,1012.0,telephone,
20,USPRRI.11RELNEWJL14.R03A,"Thinking about current political leaders...Do you happen to know what...Barack Obama's religion is?  Is he Protestant, Catholic, Jewish, Mormon, Muslim, something else, or is he not religious?",Catholic,4,Public Religion Research Institute,"PRRI, Religion News Service",07/14/2011,07/17/2011,1012.0,telephone,
20,USPRRI.11RELNEWJL14.R03A,"Thinking about current political leaders...Do you happen to know what...Barack Obama's religion is?  Is he Protestant, Catholic, Jewish, Mormon, Muslim, something else, or is he not religious?",Christian (Vol.),8,Public Religion Research Institute,"PRRI, Religion News Service",07/14/2011,07/17/2011,1012.0,telephone,
20,USPRRI.11RELNEWJL14.R03A,"Thinking about current political leaders...Do you happen to know what...Barack Obama's religion is?  Is he Protestant, Catholic, Jewish, Mormon, Muslim, something else, or is he not religious?",Mormon,*,Public Religion Research Institute,"PRRI, Religion News Service",07/14/2011,07/17/2011,1012.0,telephone,
20,USPRRI.11RELNEWJL14.R03A,"Thinking about current political leaders...Do you happen to know what...Barack Obama's religion is?  Is he Protestant, Catholic, Jewish, Mormon, Muslim, something else, or is he not religious?",Muslim,18,Public Religion Research Institute,"PRRI, Religion News Service",07/14/2011,07/17/2011,1012.0,telephone,
20,USPRRI.11RELNEWJL14.R03A,"Thinking about current political leaders...Do you happen to know what...Barack Obama's religion is?  Is he Protestant, Catholic, Jewish, Mormon, Muslim, something else, or is he not religious?",Something else,*,Public Religion Research Institute,"PRRI, Religion News Service",07/14/2011,07/17/2011,1012.0,telephone,
20,USPRRI.11RELNEWJL14.R03A,"Thinking about current political leaders...Do you happen to know what...Barack Obama's religion is?  Is he Protestant, Catholic, Jewish, Mormon, Muslim, something else, or is he not religious?",Not religious,4,Public Religion Research Institute,"PRRI, Religion News Service",07/14/2011,07/17/2011,1012.0,telephone,
20,USPRRI.11RELNEWJL14.R03A,"Thinking about current political leaders...Do you happen to know what...Barack Obama's religion is?  Is he Protestant, Catholic, Jewish, Mormon, Muslim, something else, or is he not religious?",Never heard of him/her (Vol.),*,Public Religion Research Institute,"PRRI, Religion News Service",07/14/2011,07/17/2011,1012.0,telephone,
20,USPRRI.11RELNEWJL14.R03A,"Thinking about current political leaders...Do you happen to know what...Barack Obama's religion is?  Is he Protestant, Catholic, Jewish, Mormon, Muslim, something else, or is he not religious?",Don't know what their religious beliefs are (Vol.),40,Public Religion Research Institute,"PRRI, Religion News Service",07/14/2011,07/17/2011,1012.0,telephone,
200,USODFOX.072408A.R27,"Some people believe Barack Obama, despite his professed Christianity, is secretly a Muslim.  Others say that is just a rumor and Obama really is a Christian as he says, and point out he's attended a Christian church for years.  What do you believe--is Obama a Muslim or a Christian?",Muslim,10.0,Opinion Dynamics,Fox News,07/22/2008,07/23/2008,900.0,telephone,
200,USODFOX.072408A.R27,"Some people believe Barack Obama, despite his professed Christianity, is secretly a Muslim.  Others say that is just a rumor and Obama really is a Christian as he says, and point out he's attended a Christian church for years.  What do you believe--is Obama a Muslim or a Christian?",Christian,57.0,Opinion Dynamics,Fox News,07/22/2008,07/23/2008,900.0,telephone,
200,USODFOX.072408A.R27,"Some people believe Barack Obama, despite his professed Christianity, is secretly a Muslim.  Others say that is just a rumor and Obama really is a Christian as he says, and point out he's attended a Christian church for years.  What do you believe--is Obama a Muslim or a Christian?",Other (Vol.),5.0,Opinion Dynamics,Fox News,07/22/2008,07/23/2008,900.0,telephone,
200,USODFOX.072408A.R27,"Some people believe Barack Obama, despite his professed Christianity, is secretly a Muslim.  Others say that is just a rumor and Obama really is a Christian as he says, and point out he's attended a Christian church for years.  What do you believe--is Obama a Muslim or a Christian?",Don't know,27.0,Opinion Dynamics,Fox News,07/22/2008,07/23/2008,900.0,telephone,
201,USPSRNEW.071108.R16D,"(As I read you some statements about Barack Obama, please tell me if each one is true or false, to the best of your knowledge.)...Obama is a practicing Muslim today....As far as you know is this true or false?",True,12.0,Princeton Survey Research Associates International,Newsweek,07/09/2008,07/10/2008,1209.0,telephone,Registered voters
201,USPSRNEW.071108.R16D,"(As I read you some statements about Barack Obama, please tell me if each one is true or false, to the best of your knowledge.)...Obama is a practicing Muslim today....As far as you know is this true or false?",False,69.0,Princeton Survey Research Associates International,Newsweek,07/09/2008,07/10/2008,1209.0,telephone,Registered voters
201,USPSRNEW.071108.R16D,"(As I read you some statements about Barack Obama, please tell me if each one is true or false, to the best of your knowledge.)...Obama is a practicing Muslim today....As far as you know is this true or false?",Don't know,19.0,Princeton Survey Research Associates International,Newsweek,07/09/2008,07/10/2008,1209.0,telephone,Registered voters
202,USPSRNEW.071108.R16C,"(As I read you some statements about Barack Obama, please tell me if each one is true or false, to the best of your knowledge.)...Obama was raised as a Muslim....As far as you know is this true or false?",True,26.0,Princeton Survey Research Associates International,Newsweek,07/09/2008,07/10/2008,1209.0,telephone,Registered voters
202,USPSRNEW.071108.R16C,"(As I read you some statements about Barack Obama, please tell me if each one is true or false, to the best of your knowledge.)...Obama was raised as a Muslim....As far as you know is this true or false?",False,51.0,Princeton Survey Research Associates International,Newsweek,07/09/2008,07/10/2008,1209.0,telephone,Registered voters
202,USPSRNEW.071108.R16C,"(As I read you some statements about Barack Obama, please tell me if each one is true or false, to the best of your knowledge.)...Obama was raised as a Muslim....As far as you know is this true or false?",Don't know,23.0,Princeton Survey Research Associates International,Newsweek,07/09/2008,07/10/2008,1209.0,telephone,Registered voters
203,USGREEN.08DCJUN22.R072,"(Now, I am going to read you a list of words and phrases which people use to describe political figures.  For each word or phrase, please tell me whether it describes Barack Obama very well, well, not too well, or not well at all.)...Is a Muslim",Very well,9.0,Greenberg Quinlan Rosner Research,Democracy Corps,06/22/2008,06/25/2008,2008.0,telephone,Asked of Form B quarter sample
203,USGREEN.08DCJUN22.R072,"(Now, I am going to read you a list of words and phrases which people use to describe political figures.  For each word or phrase, please tell me whether it describes Barack Obama very well, well, not too well, or not well at all.)...Is a Muslim",Well,15.0,Greenberg Quinlan Rosner Research,Democracy Corps,06/22/2008,06/25/2008,2008.0,telephone,Asked of Form B quarter sample
203,USGREEN.08DCJUN22.R072,"(Now, I am going to read you a list of words and phrases which people use to describe political figures.  For each word or phrase, please tell me whether it describes Barack Obama very well, well, not too well, or not well at all.)...Is a Muslim",Not too well,22.0,Greenberg Quinlan Rosner Research,Democracy Corps,06/22/2008,06/25/2008,2008.0,telephone,Asked of Form B quarter sample
203,USGREEN.08DCJUN22.R072,"(Now, I am going to read you a list of words and phrases which people use to describe political figures.  For each word or phrase, please tell me whether it describes Barack Obama very well, well, not too well, or not well at all.)...Is a Muslim",Not well at all,47.0,Greenberg Quinlan Rosner Research,Democracy Corps,06/22/2008,06/25/2008,2008.0,telephone,Asked of Form B quarter sample
203,USGREEN.08DCJUN22.R072,"(Now, I am going to read you a list of words and phrases which people use to describe political figures.  For each word or phrase, please tell me whether it describes Barack Obama very well, well, not too well, or not well at all.)...Is a Muslim",Don't know/Refused,7.0,Greenberg Quinlan Rosner Research,Democracy Corps,06/22/2008,06/25/2008,2008.0,telephone,Asked of Form B quarter sample
204,USSRBI.020217P.RB40F1,"As far as you know, how many medical scientists say that childhood vaccines for measles, mumps and rubella are safe for healthy children?...Almost all, more than half, about half, fewer than half, almost none",Almost all,55.0,Abt SRBI,Pew Research Center for the People & the Press,05/10/2016,06/10/2016,4563.0,"online, telephone, and mail",Asked of Form 1 one-third sample
204,USSRBI.020217P.RB40F1,"As far as you know, how many medical scientists say that childhood vaccines for measles, mumps and rubella are safe for healthy children?...Almost all, more than half, about half, fewer than half, almost none",More than half,28.0,Abt SRBI,Pew Research Center for the People & the Press,05/10/2016,06/10/2016,4563.0,"online, telephone, and mail",Asked of Form 1 one-third sample
204,USSRBI.020217P.RB40F1,"As far as you know, how many medical scientists say that childhood vaccines for measles, mumps and rubella are safe for healthy children?...Almost all, more than half, about half, fewer than half, almost none",About half,9.0,Abt SRBI,Pew Research Center for the People & the Press,05/10/2016,06/10/2016,4563.0,"online, telephone, and mail",Asked of Form 1 one-third sample
204,USSRBI.020217P.RB40F1,"As far as you know, how many medical scientists say that childhood vaccines for measles, mumps and rubella are safe for healthy children?...Almost all, more than half, about half, fewer than half, almost none",Fewer than half,4.0,Abt SRBI,Pew Research Center for the People & the Press,05/10/2016,06/10/2016,4563.0,"online, telephone, and mail",Asked of Form 1 one-third sample
204,USSRBI.020217P.RB40F1,"As far as you know, how many medical scientists say that childhood vaccines for measles, mumps and rubella are safe for healthy children?...Almost all, more than half, about half, fewer than half, almost none",Almost none,2.0,Abt SRBI,Pew Research Center for the People & the Press,05/10/2016,06/10/2016,4563.0,"online, telephone, and mail",Asked of Form 1 one-third sample
204,USSRBI.020217P.RB40F1,"As far as you know, how many medical scientists say that childhood vaccines for measles, mumps and rubella are safe for healthy children?...Almost all, more than half, about half, fewer than half, almost none",No answer,2.0,Abt SRBI,Pew Research Center for the People & the Press,05/10/2016,06/10/2016,4563.0,"online, telephone, and mail",Asked of Form 1 one-third sample
205,USORC.091315.R37,"(On another subject, where was Barack Obama born, as far as you know?)(If No opinion, ask:) Is it your best guess that Obama was born in the United States, or in another country? (If Another country, ask:) Do you think there's solid evidence of that, or is that your suspicion only?",Honolulu/Hawaii,59.0,ORC International,Cable News Network,09/04/2015,09/08/2015,1012.0,telephone,
205,USORC.091315.R37,"(On another subject, where was Barack Obama born, as far as you know?)(If No opinion, ask:) Is it your best guess that Obama was born in the United States, or in another country? (If Another country, ask:) Do you think there's solid evidence of that, or is that your suspicion only?",America/Unites States (other specific place),4.0,ORC International,Cable News Network,09/04/2015,09/08/2015,1012.0,telephone,
205,USORC.091315.R37,"(On another subject, where was Barack Obama born, as far as you know?)(If No opinion, ask:) Is it your best guess that Obama was born in the United States, or in another country? (If Another country, ask:) Do you think there's solid evidence of that, or is that your suspicion only?",America/United States (general),17.0,ORC International,Cable News Network,09/04/2015,09/08/2015,1012.0,telephone,
205,USORC.091315.R37,"(On another subject, where was Barack Obama born, as far as you know?)(If No opinion, ask:) Is it your best guess that Obama was born in the United States, or in another country? (If Another country, ask:) Do you think there's solid evidence of that, or is that your suspicion only?",Solid evidence Obama born in another country,9.0,ORC International,Cable News Network,09/04/2015,09/08/2015,1012.0,telephone,
205,USORC.091315.R37,"(On another subject, where was Barack Obama born, as far as you know?)(If No opinion, ask:) Is it your best guess that Obama was born in the United States, or in another country? (If Another country, ask:) Do you think there's solid evidence of that, or is that your suspicion only?",Suspicion only Obama born in another country,11.0,ORC International,Cable News Network,09/04/2015,09/08/2015,1012.0,telephone,
205,USORC.091315.R37,"(On another subject, where was Barack Obama born, as far as you know?)(If No opinion, ask:) Is it your best guess that Obama was born in the United States, or in another country? (If Another country, ask:) Do you think there's solid evidence of that, or is that your suspicion only?",No opinion,1.0,ORC International,Cable News Network,09/04/2015,09/08/2015,1012.0,telephone,
206,USAP.102712G.R47,"Where was Barack Obama born, as far as you know? (If No answer, ask:) Is it your best guess that Obama was born in the United States, or in another country?",In the United States,49.0,Gfk Knowledge Networks,Associated Press,08/30/2012,09/11/2012,1071.0,online,
206,USAP.102712G.R47,"Where was Barack Obama born, as far as you know? (If No answer, ask:) Is it your best guess that Obama was born in the United States, or in another country?",In another country,39.0,Gfk Knowledge Networks,Associated Press,08/30/2012,09/11/2012,1071.0,online,
206,USAP.102712G.R47,"Where was Barack Obama born, as far as you know? (If No answer, ask:) Is it your best guess that Obama was born in the United States, or in another country?",Refused/Not answered,12.0,Gfk Knowledge Networks,Associated Press,08/30/2012,09/11/2012,1071.0,online,
207,USPSRA.2011WK0428.Q01A,"Is it your best guess that (Barack) Obama was born in the United States, or in another country?",United States,40.0,Princeton Survey Research Associates International,Pew Research Center for the People & the Press,04/28/2011,05/01/2011,1006.0,telephone,Asked of those who answered Don't know/No opinion/No answer/Refused about where Obama was born (21%)
207,USPSRA.2011WK0428.Q01A,"Is it your best guess that (Barack) Obama was born in the United States, or in another country?",Another country,31.0,Princeton Survey Research Associates International,Pew Research Center for the People & the Press,04/28/2011,05/01/2011,1006.0,telephone,Asked of those who answered Don't know/No opinion/No answer/Refused about where Obama was born (21%)
207,USPSRA.2011WK0428.Q01A,"Is it your best guess that (Barack) Obama was born in the United States, or in another country?",Don't know/No opinion,21.0,Princeton Survey Research Associates International,Pew Research Center for the People & the Press,04/28/2011,05/01/2011,1006.0,telephone,Asked of those who answered Don't know/No opinion/No answer/Refused about where Obama was born (21%)
207,USPSRA.2011WK0428.Q01A,"Is it your best guess that (Barack) Obama was born in the United States, or in another country?",No answer/Refused,8.0,Princeton Survey Research Associates International,Pew Research Center for the People & the Press,04/28/2011,05/01/2011,1006.0,telephone,Asked of those who answered Don't know/No opinion/No answer/Refused about where Obama was born (21%)
208,USWASHP.050511WP.R3,"(Where was Barack Obama born, as far as you know?) (If Don't know, ask:) Is it your best guess that Obama was born in the United States, or in another country? (If Another country, ask:) Do you think there's been solid evidence of that, or is that your suspicion only?",United States,77.0,Washington Post,,04/28/2011,05/01/2011,1006.0,telephone,
208,USWASHP.050511WP.R3,"(Where was Barack Obama born, as far as you know?) (If Don't know, ask:) Is it your best guess that Obama was born in the United States, or in another country? (If Another country, ask:) Do you think there's been solid evidence of that, or is that your suspicion only?",United States-best guess,8.0,Washington Post,,04/28/2011,05/01/2011,1006.0,telephone,
208,USWASHP.050511WP.R3,"(Where was Barack Obama born, as far as you know?) (If Don't know, ask:) Is it your best guess that Obama was born in the United States, or in another country? (If Another country, ask:) Do you think there's been solid evidence of that, or is that your suspicion only?",Another country-solid evidence,1.0,Washington Post,,04/28/2011,05/01/2011,1006.0,telephone,
208,USWASHP.050511WP.R3,"(Where was Barack Obama born, as far as you know?) (If Don't know, ask:) Is it your best guess that Obama was born in the United States, or in another country? (If Another country, ask:) Do you think there's been solid evidence of that, or is that your suspicion only?",Another country-suspicion only,8.0,Washington Post,,04/28/2011,05/01/2011,1006.0,telephone,
208,USWASHP.050511WP.R3,"(Where was Barack Obama born, as far as you know?) (If Don't know, ask:) Is it your best guess that Obama was born in the United States, or in another country? (If Another country, ask:) Do you think there's been solid evidence of that, or is that your suspicion only?",Another country-no opinion,1.0,Washington Post,,04/28/2011,05/01/2011,1006.0,telephone,
208,USWASHP.050511WP.R3,"(Where was Barack Obama born, as far as you know?) (If Don't know, ask:) Is it your best guess that Obama was born in the United States, or in another country? (If Another country, ask:) Do you think there's been solid evidence of that, or is that your suspicion only?",No opinion,4.0,Washington Post,,04/28/2011,05/01/2011,1006.0,telephone,
209,USPSRA.050411R.R06,And one last question to get your view on a topic that has been in the news...Was Barack Obama born in the United States or was he born in another country?,United States,55.0,Princeton Survey Research Associates International,Pew Research Center for the People & the Press,04/07/2011,04/10/2011,1432.0,telephone,
209,USPSRA.050411R.R06,And one last question to get your view on a topic that has been in the news...Was Barack Obama born in the United States or was he born in another country?,Another country,23.0,Princeton Survey Research Associates International,Pew Research Center for the People & the Press,04/07/2011,04/10/2011,1432.0,telephone,
209,USPSRA.050411R.R06,And one last question to get your view on a topic that has been in the news...Was Barack Obama born in the United States or was he born in another country?,Don't know/Refused,22.0,Princeton Survey Research Associates International,Pew Research Center for the People & the Press,04/07/2011,04/10/2011,1432.0,telephone,
21,USSRBI.083011P.R203,"Do you happen to know what Barack Obama's religion is?  Is he Christian, Jewish, Muslim, Buddhist, Hindu, atheist, agnostic, or something else?","Christian (include volunteers of: Protestant, Church of Christ, Trinity Church, Baptist, Methodist, etc.)",55,Abt SRBI,"Pew Research Center for the People & the Press, Pew Forum on Religion & Public Life",04/14/2011,07/22/2011,1033.0,telephone,
21,USSRBI.083011P.R203,"Do you happen to know what Barack Obama's religion is?  Is he Christian, Jewish, Muslim, Buddhist, Hindu, atheist, agnostic, or something else?",Jewish,*,Abt SRBI,"Pew Research Center for the People & the Press, Pew Forum on Religion & Public Life",04/14/2011,07/22/2011,1033.0,telephone,
21,USSRBI.083011P.R203,"Do you happen to know what Barack Obama's religion is?  Is he Christian, Jewish, Muslim, Buddhist, Hindu, atheist, agnostic, or something else?",Muslim (include Islam/Islamic),10,Abt SRBI,"Pew Research Center for the People & the Press, Pew Forum on Religion & Public Life",04/14/2011,07/22/2011,1033.0,telephone,
21,USSRBI.083011P.R203,"Do you happen to know what Barack Obama's religion is?  Is he Christian, Jewish, Muslim, Buddhist, Hindu, atheist, agnostic, or something else?",Buddhist,*,Abt SRBI,"Pew Research Center for the People & the Press, Pew Forum on Religion & Public Life",04/14/2011,07/22/2011,1033.0,telephone,
21,USSRBI.083011P.R203,"Do you happen to know what Barack Obama's religion is?  Is he Christian, Jewish, Muslim, Buddhist, Hindu, atheist, agnostic, or something else?",Hindu,1,Abt SRBI,"Pew Research Center for the People & the Press, Pew Forum on Religion & Public Life",04/14/2011,07/22/2011,1033.0,telephone,
21,USSRBI.083011P.R203,"Do you happen to know what Barack Obama's religion is?  Is he Christian, Jewish, Muslim, Buddhist, Hindu, atheist, agnostic, or something else?",Agnostic,*,Abt SRBI,"Pew Research Center for the People & the Press, Pew Forum on Religion & Public Life",04/14/2011,07/22/2011,1033.0,telephone,
21,USSRBI.083011P.R203,"Do you happen to know what Barack Obama's religion is?  Is he Christian, Jewish, Muslim, Buddhist, Hindu, atheist, agnostic, or something else?",Something else,*,Abt SRBI,"Pew Research Center for the People & the Press, Pew Forum on Religion & Public Life",04/14/2011,07/22/2011,1033.0,telephone,
21,USSRBI.083011P.R203,"Do you happen to know what Barack Obama's religion is?  Is he Christian, Jewish, Muslim, Buddhist, Hindu, atheist, agnostic, or something else?",Mixed (Vol.),*,Abt SRBI,"Pew Research Center for the People & the Press, Pew Forum on Religion & Public Life",04/14/2011,07/22/2011,1033.0,telephone,
21,USSRBI.083011P.R203,"Do you happen to know what Barack Obama's religion is?  Is he Christian, Jewish, Muslim, Buddhist, Hindu, atheist, agnostic, or something else?",Don't know,33,Abt SRBI,"Pew Research Center for the People & the Press, Pew Forum on Religion & Public Life",04/14/2011,07/22/2011,1033.0,telephone,
21,USSRBI.083011P.R203,"Do you happen to know what Barack Obama's religion is?  Is he Christian, Jewish, Muslim, Buddhist, Hindu, atheist, agnostic, or something else?",Refused,1,Abt SRBI,"Pew Research Center for the People & the Press, Pew Forum on Religion & Public Life",04/14/2011,07/22/2011,1033.0,telephone,
210,USABCWP.20101109.Q031A,"Is it your best guess that (Barack) Obama was born in the United States, or in another country?",United States,52.0,ABC News/Washington Post,,04/22/2010,04/25/2010,1001.0,telephone,Asked of those who do not know where Obama was born (19%)
210,USABCWP.20101109.Q031A,"Is it your best guess that (Barack) Obama was born in the United States, or in another country?",Another country,34.0,ABC News/Washington Post,,04/22/2010,04/25/2010,1001.0,telephone,Asked of those who do not know where Obama was born (19%)
210,USABCWP.20101109.Q031A,"Is it your best guess that (Barack) Obama was born in the United States, or in another country?",Don't know/No opinion,15.0,ABC News/Washington Post,,04/22/2010,04/25/2010,1001.0,telephone,Asked of those who do not know where Obama was born (19%)
22,USPSRNEW.082710.R17,"As far as you know, what is Barack Obama's religion?  Is he a Christian, a Muslim, or something else?","Christian ,include volunteers of: Protestant, Church of Christ, Trinity Church, Baptist, Methodist, etc.",42.0,Princeton Survey Research Associates International,Newsweek,08/25/2010,08/26/2010,1029.0,telephone,
22,USPSRNEW.082710.R17,"As far as you know, what is Barack Obama's religion?  Is he a Christian, a Muslim, or something else?","Muslim/Follower of Islam, includes Islam/Islamic",24.0,Princeton Survey Research Associates International,Newsweek,08/25/2010,08/26/2010,1029.0,telephone,
22,USPSRNEW.082710.R17,"As far as you know, what is Barack Obama's religion?  Is he a Christian, a Muslim, or something else?",Something else,10.0,Princeton Survey Research Associates International,Newsweek,08/25/2010,08/26/2010,1029.0,telephone,
22,USPSRNEW.082710.R17,"As far as you know, what is Barack Obama's religion?  Is he a Christian, a Muslim, or something else?",Don't know,24.0,Princeton Survey Research Associates International,Newsweek,08/25/2010,08/26/2010,1029.0,telephone,
228,USASFOX.071917.R39,"Do you think Russia interfered in the 2016 presidential election, or not?",Yes,55.0,Anderson Robbins Research/Shaw & Co. Research,Fox News,07/16/2017,07/18/2017,1020.0,telephone,
228,USASFOX.071917.R39,"Do you think Russia interfered in the 2016 presidential election, or not?",No,34.0,Anderson Robbins Research/Shaw & Co. Research,Fox News,07/16/2017,07/18/2017,1020.0,telephone,
228,USASFOX.071917.R39,"Do you think Russia interfered in the 2016 presidential election, or not?",Don't know,11.0,Anderson Robbins Research/Shaw & Co. Research,Fox News,07/16/2017,07/18/2017,1020.0,telephone,
229,USASFOX.071917.R42,Who do you think Russia wanted to win the (2016) presidential election--Hillary Clinton or Donald Trump?,Clinton,13.0,Anderson Robbins Research/Shaw & Co. Research,Fox News,07/16/2017,07/18/2017,1020.0,telephone,
229,USASFOX.071917.R42,Who do you think Russia wanted to win the (2016) presidential election--Hillary Clinton or Donald Trump?,Trump,65.0,Anderson Robbins Research/Shaw & Co. Research,Fox News,07/16/2017,07/18/2017,1020.0,telephone,
229,USASFOX.071917.R42,Who do you think Russia wanted to win the (2016) presidential election--Hillary Clinton or Donald Trump?,No difference (Vol.),11.0,Anderson Robbins Research/Shaw & Co. Research,Fox News,07/16/2017,07/18/2017,1020.0,telephone,
229,USASFOX.071917.R42,Who do you think Russia wanted to win the (2016) presidential election--Hillary Clinton or Donald Trump?,Don't know,11.0,Anderson Robbins Research/Shaw & Co. Research,Fox News,07/16/2017,07/18/2017,1020.0,telephone,
23,USSRBI.081910.R19,Do you personally believe that Barack Obama is a Muslim or a Christian?,Muslim,24.0,Abt SRBI,Time,08/16/2010,08/17/2010,1002.0,telephone,
23,USSRBI.081910.R19,Do you personally believe that Barack Obama is a Muslim or a Christian?,Christian,47.0,Abt SRBI,Time,08/16/2010,08/17/2010,1002.0,telephone,
23,USSRBI.081910.R19,Do you personally believe that Barack Obama is a Muslim or a Christian?,Other (Vol.),5.0,Abt SRBI,Time,08/16/2010,08/17/2010,1002.0,telephone,
23,USSRBI.081910.R19,Do you personally believe that Barack Obama is a Muslim or a Christian?,No answer/Don't know,24.0,Abt SRBI,Time,08/16/2010,08/17/2010,1002.0,telephone,
230,USASFOX.062817.R39,"Do you think Russia's attempts to influence the (2016) presidential election using cyberattacks helped Donald Trump or helped Hillary Clinton, or do you think they had no real effect? Do you think Russia helped Clinton/Trump a lot or just a little?",Helped Trump-A lot,29.0,Anderson Robbins Research/Shaw & Co. Research,Fox News,06/25/2017,06/27/2017,1017.0,telephone,
230,USASFOX.062817.R39,"Do you think Russia's attempts to influence the (2016) presidential election using cyberattacks helped Donald Trump or helped Hillary Clinton, or do you think they had no real effect? Do you think Russia helped Clinton/Trump a lot or just a little?",Helped Trump-A little,14.0,Anderson Robbins Research/Shaw & Co. Research,Fox News,06/25/2017,06/27/2017,1017.0,telephone,
230,USASFOX.062817.R39,"Do you think Russia's attempts to influence the (2016) presidential election using cyberattacks helped Donald Trump or helped Hillary Clinton, or do you think they had no real effect? Do you think Russia helped Clinton/Trump a lot or just a little?",No real effect,50.0,Anderson Robbins Research/Shaw & Co. Research,Fox News,06/25/2017,06/27/2017,1017.0,telephone,
230,USASFOX.062817.R39,"Do you think Russia's attempts to influence the (2016) presidential election using cyberattacks helped Donald Trump or helped Hillary Clinton, or do you think they had no real effect? Do you think Russia helped Clinton/Trump a lot or just a little?",Helped Clinton-A lot,1.0,Anderson Robbins Research/Shaw & Co. Research,Fox News,06/25/2017,06/27/2017,1017.0,telephone,
230,USASFOX.062817.R39,"Do you think Russia's attempts to influence the (2016) presidential election using cyberattacks helped Donald Trump or helped Hillary Clinton, or do you think they had no real effect? Do you think Russia helped Clinton/Trump a lot or just a little?",Helped Clinton-A little,1.0,Anderson Robbins Research/Shaw & Co. Research,Fox News,06/25/2017,06/27/2017,1017.0,telephone,
230,USASFOX.062817.R39,"Do you think Russia's attempts to influence the (2016) presidential election using cyberattacks helped Donald Trump or helped Hillary Clinton, or do you think they had no real effect? Do you think Russia helped Clinton/Trump a lot or just a little?",Don't know,5.0,Anderson Robbins Research/Shaw & Co. Research,Fox News,06/25/2017,06/27/2017,1017.0,telephone,
231,USCBS.062017.R27,"Do you believe Russia tried to interfere in the 2016 US election, or not? Do you think Russia interfered in order to help elect Donald Trump, or do you think they interfered, but not to help elect Donald Trump?","Yes, Russia interfered to help Trump",44.0,CBS News,,06/15/2017,06/18/2017,1117.0,telephone,
231,USCBS.062017.R27,"Do you believe Russia tried to interfere in the 2016 US election, or not? Do you think Russia interfered in order to help elect Donald Trump, or do you think they interfered, but not to help elect Donald Trump?","Yes, Russia interfered but not to help Trump",18.0,CBS News,,06/15/2017,06/18/2017,1117.0,telephone,
231,USCBS.062017.R27,"Do you believe Russia tried to interfere in the 2016 US election, or not? Do you think Russia interfered in order to help elect Donald Trump, or do you think they interfered, but not to help elect Donald Trump?","No, Russia did not try to interfere",31.0,CBS News,,06/15/2017,06/18/2017,1117.0,telephone,
231,USCBS.062017.R27,"Do you believe Russia tried to interfere in the 2016 US election, or not? Do you think Russia interfered in order to help elect Donald Trump, or do you think they interfered, but not to help elect Donald Trump?",Don't know/No answer,8.0,CBS News,,06/15/2017,06/18/2017,1117.0,telephone,
232,USTIPP.060717.R26,Do you believe the outcome of the 2016 presidential election was influenced by Russia or not?,Influenced,39,TIPP--Techno Metrica Institute of Policy and Politics,Investor's Business Daily,05/30/2017,06/06/2017,903.0,telephone,
232,USTIPP.060717.R26,Do you believe the outcome of the 2016 presidential election was influenced by Russia or not?,Not influenced,52,TIPP--Techno Metrica Institute of Policy and Politics,Investor's Business Daily,05/30/2017,06/06/2017,903.0,telephone,
232,USTIPP.060717.R26,Do you believe the outcome of the 2016 presidential election was influenced by Russia or not?,Not sure,8,TIPP--Techno Metrica Institute of Policy and Politics,Investor's Business Daily,05/30/2017,06/06/2017,903.0,telephone,
232,USTIPP.060717.R26,Do you believe the outcome of the 2016 presidential election was influenced by Russia or not?,Refused,*,TIPP--Techno Metrica Institute of Policy and Politics,Investor's Business Daily,05/30/2017,06/06/2017,903.0,telephone,
233,USASFOX.052417.R24,"Do you think Russia's attempts to influence the (2016) presidential election using cyber-attacks helped Donald Trump or helped Hillary Clinton, or do you think they had no real effect? Do you think Russia helped Clinton/Trump a lot or just a little?",Helped Trump-A lot,30.0,Anderson Robbins Research/Shaw & Co. Research,Fox News,05/21/2017,05/23/2017,1011.0,telephone,
233,USASFOX.052417.R24,"Do you think Russia's attempts to influence the (2016) presidential election using cyber-attacks helped Donald Trump or helped Hillary Clinton, or do you think they had no real effect? Do you think Russia helped Clinton/Trump a lot or just a little?",Helped Trump-A little,14.0,Anderson Robbins Research/Shaw & Co. Research,Fox News,05/21/2017,05/23/2017,1011.0,telephone,
233,USASFOX.052417.R24,"Do you think Russia's attempts to influence the (2016) presidential election using cyber-attacks helped Donald Trump or helped Hillary Clinton, or do you think they had no real effect? Do you think Russia helped Clinton/Trump a lot or just a little?",No real effect,49.0,Anderson Robbins Research/Shaw & Co. Research,Fox News,05/21/2017,05/23/2017,1011.0,telephone,
233,USASFOX.052417.R24,"Do you think Russia's attempts to influence the (2016) presidential election using cyber-attacks helped Donald Trump or helped Hillary Clinton, or do you think they had no real effect? Do you think Russia helped Clinton/Trump a lot or just a little?",Helped Clinton-A lot,1.0,Anderson Robbins Research/Shaw & Co. Research,Fox News,05/21/2017,05/23/2017,1011.0,telephone,
233,USASFOX.052417.R24,"Do you think Russia's attempts to influence the (2016) presidential election using cyber-attacks helped Donald Trump or helped Hillary Clinton, or do you think they had no real effect? Do you think Russia helped Clinton/Trump a lot or just a little?",Helped Clinton-A little,1.0,Anderson Robbins Research/Shaw & Co. Research,Fox News,05/21/2017,05/23/2017,1011.0,telephone,
233,USASFOX.052417.R24,"Do you think Russia's attempts to influence the (2016) presidential election using cyber-attacks helped Donald Trump or helped Hillary Clinton, or do you think they had no real effect? Do you think Russia helped Clinton/Trump a lot or just a little?",Don't know,6.0,Anderson Robbins Research/Shaw & Co. Research,Fox News,05/21/2017,05/23/2017,1011.0,telephone,
234,USCBS.032917.R25A,"Do you believe Russia tried to interfere in the 2016 US election, or not? Do you think Russia interfered in order to help elect Donald Trump, or do you think they interfered, but not to help elect Donald Trump?","Yes, Russia interfered to help Trump",40.0,CBS News,,03/25/2017,03/28/2017,1088.0,telephone,
234,USCBS.032917.R25A,"Do you believe Russia tried to interfere in the 2016 US election, or not? Do you think Russia interfered in order to help elect Donald Trump, or do you think they interfered, but not to help elect Donald Trump?","Yes, Russia interfered but not to help Trump",10.0,CBS News,,03/25/2017,03/28/2017,1088.0,telephone,
234,USCBS.032917.R25A,"Do you believe Russia tried to interfere in the 2016 US election, or not? Do you think Russia interfered in order to help elect Donald Trump, or do you think they interfered, but not to help elect Donald Trump?","No, Russia did not try to interfere in the election",37.0,CBS News,,03/25/2017,03/28/2017,1088.0,telephone,
234,USCBS.032917.R25A,"Do you believe Russia tried to interfere in the 2016 US election, or not? Do you think Russia interfered in order to help elect Donald Trump, or do you think they interfered, but not to help elect Donald Trump?",Don't know/No answer,13.0,CBS News,,03/25/2017,03/28/2017,1088.0,telephone,
236,USTIPP.040317.R27,Do you believe that the outcome of the 2016 presidential election was influenced by Russia or not?,Influenced by Russia,50,TIPP--Techno Metrica Institute of Policy and Politics,Investor's Business Daily,03/24/2017,03/30/2017,904.0,telephone,Asked of those who are following Russia's role in the 2016 presidential election very/somewhat closely (79%)
236,USTIPP.040317.R27,Do you believe that the outcome of the 2016 presidential election was influenced by Russia or not?,Not influenced by Russia,42,TIPP--Techno Metrica Institute of Policy and Politics,Investor's Business Daily,03/24/2017,03/30/2017,904.0,telephone,Asked of those who are following Russia's role in the 2016 presidential election very/somewhat closely (79%)
236,USTIPP.040317.R27,Do you believe that the outcome of the 2016 presidential election was influenced by Russia or not?,Not sure,8,TIPP--Techno Metrica Institute of Policy and Politics,Investor's Business Daily,03/24/2017,03/30/2017,904.0,telephone,Asked of those who are following Russia's role in the 2016 presidential election very/somewhat closely (79%)
236,USTIPP.040317.R27,Do you believe that the outcome of the 2016 presidential election was influenced by Russia or not?,Refused,*,TIPP--Techno Metrica Institute of Policy and Politics,Investor's Business Daily,03/24/2017,03/30/2017,904.0,telephone,Asked of those who are following Russia's role in the 2016 presidential election very/somewhat closely (79%)
237,USCBS.011817B.R42,"Do you believe Russia tried to interfere in the 2016 US election, or not? Do you think Russia interfered in order to help elect Donald Trump, or do you think they interfered, but not to help elect Donald Trump?",Yes interfered to help Trump,44.0,CBS News,,01/13/2017,01/17/2017,1257.0,telephone,
237,USCBS.011817B.R42,"Do you believe Russia tried to interfere in the 2016 US election, or not? Do you think Russia interfered in order to help elect Donald Trump, or do you think they interfered, but not to help elect Donald Trump?",Yes but not to help Trump,13.0,CBS News,,01/13/2017,01/17/2017,1257.0,telephone,
237,USCBS.011817B.R42,"Do you believe Russia tried to interfere in the 2016 US election, or not? Do you think Russia interfered in order to help elect Donald Trump, or do you think they interfered, but not to help elect Donald Trump?",No did not interfere,34.0,CBS News,,01/13/2017,01/17/2017,1257.0,telephone,
237,USCBS.011817B.R42,"Do you believe Russia tried to interfere in the 2016 US election, or not? Do you think Russia interfered in order to help elect Donald Trump, or do you think they interfered, but not to help elect Donald Trump?",Don't know/No answer,10.0,CBS News,,01/13/2017,01/17/2017,1257.0,telephone,
238,USASFOX.121416.R52,"Do you think Russia's attempts to influence the (2016) presidential election using cyber-attacks helped Donald Trump or helped Hillary Clinton, or do you think they had no real effect? Do you think Russia  helped Clinton/Trump a lot or just a little?",Helped Trump a lot,21,Anderson Robbins Research/Shaw & Co. Research,Fox News,12/11/2016,12/13/2016,1034.0,telephone,Asked of partial sample
238,USASFOX.121416.R52,"Do you think Russia's attempts to influence the (2016) presidential election using cyber-attacks helped Donald Trump or helped Hillary Clinton, or do you think they had no real effect? Do you think Russia  helped Clinton/Trump a lot or just a little?",Helped Trump a little,11,Anderson Robbins Research/Shaw & Co. Research,Fox News,12/11/2016,12/13/2016,1034.0,telephone,Asked of partial sample
238,USASFOX.121416.R52,"Do you think Russia's attempts to influence the (2016) presidential election using cyber-attacks helped Donald Trump or helped Hillary Clinton, or do you think they had no real effect? Do you think Russia  helped Clinton/Trump a lot or just a little?",No real effect,59,Anderson Robbins Research/Shaw & Co. Research,Fox News,12/11/2016,12/13/2016,1034.0,telephone,Asked of partial sample
238,USASFOX.121416.R52,"Do you think Russia's attempts to influence the (2016) presidential election using cyber-attacks helped Donald Trump or helped Hillary Clinton, or do you think they had no real effect? Do you think Russia  helped Clinton/Trump a lot or just a little?",Helped Clinton a lot,1,Anderson Robbins Research/Shaw & Co. Research,Fox News,12/11/2016,12/13/2016,1034.0,telephone,Asked of partial sample
238,USASFOX.121416.R52,"Do you think Russia's attempts to influence the (2016) presidential election using cyber-attacks helped Donald Trump or helped Hillary Clinton, or do you think they had no real effect? Do you think Russia  helped Clinton/Trump a lot or just a little?",Helped Clinton a little,*,Anderson Robbins Research/Shaw & Co. Research,Fox News,12/11/2016,12/13/2016,1034.0,telephone,Asked of partial sample
238,USASFOX.121416.R52,"Do you think Russia's attempts to influence the (2016) presidential election using cyber-attacks helped Donald Trump or helped Hillary Clinton, or do you think they had no real effect? Do you think Russia  helped Clinton/Trump a lot or just a little?",Don't know,7,Anderson Robbins Research/Shaw & Co. Research,Fox News,12/11/2016,12/13/2016,1034.0,telephone,Asked of partial sample
239,USGALLUP.120216.R02,"From what you have heard or read, who won the national popular vote this year (2016)--that is, the most votes in the country overall--Hillary Clinton or Donald Trump, or are you unsure?",Clinton,66.0,Gallup Organization,,11/28/2016,11/29/2016,1021.0,telephone,
239,USGALLUP.120216.R02,"From what you have heard or read, who won the national popular vote this year (2016)--that is, the most votes in the country overall--Hillary Clinton or Donald Trump, or are you unsure?",Trump,15.0,Gallup Organization,,11/28/2016,11/29/2016,1021.0,telephone,
239,USGALLUP.120216.R02,"From what you have heard or read, who won the national popular vote this year (2016)--that is, the most votes in the country overall--Hillary Clinton or Donald Trump, or are you unsure?",Unsure,18.0,Gallup Organization,,11/28/2016,11/29/2016,1021.0,telephone,
239,USGALLUP.120216.R02,"From what you have heard or read, who won the national popular vote this year (2016)--that is, the most votes in the country overall--Hillary Clinton or Donald Trump, or are you unsure?",No answer,1.0,Gallup Organization,,11/28/2016,11/29/2016,1021.0,telephone,
24,USPSRA.081910.R58,"Now, thinking about Barack Obama's religious beliefs...Do you happen to know what Barack Obama's religion is?  Is he Christian, Jewish, Muslim, Buddhist, Hindu, atheist, agnostic, or something else?","Christian, include volunteers of: protestant, Church of Christ, Trinity Church, Baptist, Methodists, etc.",34,Princeton Survey Research Associates International,"Pew Research Center for the People & the Press, Pew Forum on Religion & Public Life",07/21/2010,08/05/2010,3003.0,telephone,
24,USPSRA.081910.R58,"Now, thinking about Barack Obama's religious beliefs...Do you happen to know what Barack Obama's religion is?  Is he Christian, Jewish, Muslim, Buddhist, Hindu, atheist, agnostic, or something else?",Jewish,*,Princeton Survey Research Associates International,"Pew Research Center for the People & the Press, Pew Forum on Religion & Public Life",07/21/2010,08/05/2010,3003.0,telephone,
24,USPSRA.081910.R58,"Now, thinking about Barack Obama's religious beliefs...Do you happen to know what Barack Obama's religion is?  Is he Christian, Jewish, Muslim, Buddhist, Hindu, atheist, agnostic, or something else?","Muslim, include Islam/Islamic",18,Princeton Survey Research Associates International,"Pew Research Center for the People & the Press, Pew Forum on Religion & Public Life",07/21/2010,08/05/2010,3003.0,telephone,
24,USPSRA.081910.R58,"Now, thinking about Barack Obama's religious beliefs...Do you happen to know what Barack Obama's religion is?  Is he Christian, Jewish, Muslim, Buddhist, Hindu, atheist, agnostic, or something else?",Buddhist,1,Princeton Survey Research Associates International,"Pew Research Center for the People & the Press, Pew Forum on Religion & Public Life",07/21/2010,08/05/2010,3003.0,telephone,
24,USPSRA.081910.R58,"Now, thinking about Barack Obama's religious beliefs...Do you happen to know what Barack Obama's religion is?  Is he Christian, Jewish, Muslim, Buddhist, Hindu, atheist, agnostic, or something else?",Hindu,*,Princeton Survey Research Associates International,"Pew Research Center for the People & the Press, Pew Forum on Religion & Public Life",07/21/2010,08/05/2010,3003.0,telephone,
24,USPSRA.081910.R58,"Now, thinking about Barack Obama's religious beliefs...Do you happen to know what Barack Obama's religion is?  Is he Christian, Jewish, Muslim, Buddhist, Hindu, atheist, agnostic, or something else?",Atheist,*,Princeton Survey Research Associates International,"Pew Research Center for the People & the Press, Pew Forum on Religion & Public Life",07/21/2010,08/05/2010,3003.0,telephone,
24,USPSRA.081910.R58,"Now, thinking about Barack Obama's religious beliefs...Do you happen to know what Barack Obama's religion is?  Is he Christian, Jewish, Muslim, Buddhist, Hindu, atheist, agnostic, or something else?",Agnostic,*,Princeton Survey Research Associates International,"Pew Research Center for the People & the Press, Pew Forum on Religion & Public Life",07/21/2010,08/05/2010,3003.0,telephone,
24,USPSRA.081910.R58,"Now, thinking about Barack Obama's religious beliefs...Do you happen to know what Barack Obama's religion is?  Is he Christian, Jewish, Muslim, Buddhist, Hindu, atheist, agnostic, or something else?",Something else,2,Princeton Survey Research Associates International,"Pew Research Center for the People & the Press, Pew Forum on Religion & Public Life",07/21/2010,08/05/2010,3003.0,telephone,
24,USPSRA.081910.R58,"Now, thinking about Barack Obama's religious beliefs...Do you happen to know what Barack Obama's religion is?  Is he Christian, Jewish, Muslim, Buddhist, Hindu, atheist, agnostic, or something else?",Don't know,43,Princeton Survey Research Associates International,"Pew Research Center for the People & the Press, Pew Forum on Religion & Public Life",07/21/2010,08/05/2010,3003.0,telephone,
24,USPSRA.081910.R58,"Now, thinking about Barack Obama's religious beliefs...Do you happen to know what Barack Obama's religion is?  Is he Christian, Jewish, Muslim, Buddhist, Hindu, atheist, agnostic, or something else?",Refused,2,Princeton Survey Research Associates International,"Pew Research Center for the People & the Press, Pew Forum on Religion & Public Life",07/21/2010,08/05/2010,3003.0,telephone,
241,USABCWP.042617.R32,"Do you think the Obama administration intentionally spied on (Donald) Trump and members of his campaign during the 2016 election campaign, or not?",Yes,32.0,ABC News/Washington Post,,04/17/2017,04/20/2017,1004.0,telephone,
241,USABCWP.042617.R32,"Do you think the Obama administration intentionally spied on (Donald) Trump and members of his campaign during the 2016 election campaign, or not?",No,58.0,ABC News/Washington Post,,04/17/2017,04/20/2017,1004.0,telephone,
241,USABCWP.042617.R32,"Do you think the Obama administration intentionally spied on (Donald) Trump and members of his campaign during the 2016 election campaign, or not?",No opinion,10.0,ABC News/Washington Post,,04/17/2017,04/20/2017,1004.0,telephone,
25,USAP.102712A.R11,"Do you happen to know the religion of each of the following people?  If you don't know, you can mark that too....Protestant, Catholic, Mormon, Jewish, Muslim, some other religion, no religion...Barack Obama",Protestant,26.0,Knowledge Networks,Associated Press,12/23/2009,01/10/2010,1037.0,online,
25,USAP.102712A.R11,"Do you happen to know the religion of each of the following people?  If you don't know, you can mark that too....Protestant, Catholic, Mormon, Jewish, Muslim, some other religion, no religion...Barack Obama",Catholic,4.0,Knowledge Networks,Associated Press,12/23/2009,01/10/2010,1037.0,online,
25,USAP.102712A.R11,"Do you happen to know the religion of each of the following people?  If you don't know, you can mark that too....Protestant, Catholic, Mormon, Jewish, Muslim, some other religion, no religion...Barack Obama",Muslim,17.0,Knowledge Networks,Associated Press,12/23/2009,01/10/2010,1037.0,online,
25,USAP.102712A.R11,"Do you happen to know the religion of each of the following people?  If you don't know, you can mark that too....Protestant, Catholic, Mormon, Jewish, Muslim, some other religion, no religion...Barack Obama",Some other religion,8.0,Knowledge Networks,Associated Press,12/23/2009,01/10/2010,1037.0,online,
25,USAP.102712A.R11,"Do you happen to know the religion of each of the following people?  If you don't know, you can mark that too....Protestant, Catholic, Mormon, Jewish, Muslim, some other religion, no religion...Barack Obama",No religion,2.0,Knowledge Networks,Associated Press,12/23/2009,01/10/2010,1037.0,online,
25,USAP.102712A.R11,"Do you happen to know the religion of each of the following people?  If you don't know, you can mark that too....Protestant, Catholic, Mormon, Jewish, Muslim, some other religion, no religion...Barack Obama",Don't know,41.0,Knowledge Networks,Associated Press,12/23/2009,01/10/2010,1037.0,online,
25,USAP.102712A.R11,"Do you happen to know the religion of each of the following people?  If you don't know, you can mark that too....Protestant, Catholic, Mormon, Jewish, Muslim, some other religion, no religion...Barack Obama",Refused/Not answered,1.0,Knowledge Networks,Associated Press,12/23/2009,01/10/2010,1037.0,online,
26,USPSRA.200903POL.Q50,"Now, thinking about Barack Obama's religious beliefs...Do you happen to know what Barack Obama's religion is?  Is he Christian, Jewish, Muslim, Buddhist, Hindu, atheist, agnostic, or something else? (If Don't know, probe:) Is that because you've heard different things about his religion, or because you don't know enough about him?","Christian (include volunteers of: Protestant, Church of Christ, Trinity Church, Baptist, Methodist, etc.)",48,Princeton Survey Research Associates International,Pew Research Center for the People & the Press,03/09/2009,03/12/2009,1308.0,telephone,
26,USPSRA.200903POL.Q50,"Now, thinking about Barack Obama's religious beliefs...Do you happen to know what Barack Obama's religion is?  Is he Christian, Jewish, Muslim, Buddhist, Hindu, atheist, agnostic, or something else? (If Don't know, probe:) Is that because you've heard different things about his religion, or because you don't know enough about him?",Muslim (include Islam/Islamic),11,Princeton Survey Research Associates International,Pew Research Center for the People & the Press,03/09/2009,03/12/2009,1308.0,telephone,
26,USPSRA.200903POL.Q50,"Now, thinking about Barack Obama's religious beliefs...Do you happen to know what Barack Obama's religion is?  Is he Christian, Jewish, Muslim, Buddhist, Hindu, atheist, agnostic, or something else? (If Don't know, probe:) Is that because you've heard different things about his religion, or because you don't know enough about him?",Buddhist,*,Princeton Survey Research Associates International,Pew Research Center for the People & the Press,03/09/2009,03/12/2009,1308.0,telephone,
26,USPSRA.200903POL.Q50,"Now, thinking about Barack Obama's religious beliefs...Do you happen to know what Barack Obama's religion is?  Is he Christian, Jewish, Muslim, Buddhist, Hindu, atheist, agnostic, or something else? (If Don't know, probe:) Is that because you've heard different things about his religion, or because you don't know enough about him?",Hindu,*,Princeton Survey Research Associates International,Pew Research Center for the People & the Press,03/09/2009,03/12/2009,1308.0,telephone,
26,USPSRA.200903POL.Q50,"Now, thinking about Barack Obama's religious beliefs...Do you happen to know what Barack Obama's religion is?  Is he Christian, Jewish, Muslim, Buddhist, Hindu, atheist, agnostic, or something else? (If Don't know, probe:) Is that because you've heard different things about his religion, or because you don't know enough about him?",Atheist,*,Princeton Survey Research Associates International,Pew Research Center for the People & the Press,03/09/2009,03/12/2009,1308.0,telephone,
26,USPSRA.200903POL.Q50,"Now, thinking about Barack Obama's religious beliefs...Do you happen to know what Barack Obama's religion is?  Is he Christian, Jewish, Muslim, Buddhist, Hindu, atheist, agnostic, or something else? (If Don't know, probe:) Is that because you've heard different things about his religion, or because you don't know enough about him?",Agnostic,*,Princeton Survey Research Associates International,Pew Research Center for the People & the Press,03/09/2009,03/12/2009,1308.0,telephone,
26,USPSRA.200903POL.Q50,"Now, thinking about Barack Obama's religious beliefs...Do you happen to know what Barack Obama's religion is?  Is he Christian, Jewish, Muslim, Buddhist, Hindu, atheist, agnostic, or something else? (If Don't know, probe:) Is that because you've heard different things about his religion, or because you don't know enough about him?",Something else,*,Princeton Survey Research Associates International,Pew Research Center for the People & the Press,03/09/2009,03/12/2009,1308.0,telephone,
26,USPSRA.200903POL.Q50,"Now, thinking about Barack Obama's religious beliefs...Do you happen to know what Barack Obama's religion is?  Is he Christian, Jewish, Muslim, Buddhist, Hindu, atheist, agnostic, or something else? (If Don't know, probe:) Is that because you've heard different things about his religion, or because you don't know enough about him?",Don't know-Heard different things,12,Princeton Survey Research Associates International,Pew Research Center for the People & the Press,03/09/2009,03/12/2009,1308.0,telephone,
26,USPSRA.200903POL.Q50,"Now, thinking about Barack Obama's religious beliefs...Do you happen to know what Barack Obama's religion is?  Is he Christian, Jewish, Muslim, Buddhist, Hindu, atheist, agnostic, or something else? (If Don't know, probe:) Is that because you've heard different things about his religion, or because you don't know enough about him?",Don't know-Haven't heard enough,22,Princeton Survey Research Associates International,Pew Research Center for the People & the Press,03/09/2009,03/12/2009,1308.0,telephone,
26,USPSRA.200903POL.Q50,"Now, thinking about Barack Obama's religious beliefs...Do you happen to know what Barack Obama's religion is?  Is he Christian, Jewish, Muslim, Buddhist, Hindu, atheist, agnostic, or something else? (If Don't know, probe:) Is that because you've heard different things about his religion, or because you don't know enough about him?",Refused,6,Princeton Survey Research Associates International,Pew Research Center for the People & the Press,03/09/2009,03/12/2009,1308.0,telephone,
27,USPSRA.102108.RR03F1,"Now, thinking about Barack Obama's religious beliefs...Do you happen to know what Barack Obama's religion is?  Is he Christian, Jewish, Muslim, Buddhist, Hindu, atheist, agnostic, or something else? (If Don't know, probe:) Is that because you've heard different things about his religion, or because you just don't know enough about him?","Christian (include volunteers of:  Protestant, Church of Christ, Trinity Church, Baptist, Methodist, etc.)",51,Princeton Survey Research Associates International/Abt SRBI,Pew Research Center for the People & the Press,10/16/2008,10/19/2008,3016.0,telephone,Asked of Form 1 half sample
27,USPSRA.102108.RR03F1,"Now, thinking about Barack Obama's religious beliefs...Do you happen to know what Barack Obama's religion is?  Is he Christian, Jewish, Muslim, Buddhist, Hindu, atheist, agnostic, or something else? (If Don't know, probe:) Is that because you've heard different things about his religion, or because you just don't know enough about him?",Jewish,*,Princeton Survey Research Associates International/Abt SRBI,Pew Research Center for the People & the Press,10/16/2008,10/19/2008,3016.0,telephone,Asked of Form 1 half sample
27,USPSRA.102108.RR03F1,"Now, thinking about Barack Obama's religious beliefs...Do you happen to know what Barack Obama's religion is?  Is he Christian, Jewish, Muslim, Buddhist, Hindu, atheist, agnostic, or something else? (If Don't know, probe:) Is that because you've heard different things about his religion, or because you just don't know enough about him?",Muslim (include Islam/Islamic),12,Princeton Survey Research Associates International/Abt SRBI,Pew Research Center for the People & the Press,10/16/2008,10/19/2008,3016.0,telephone,Asked of Form 1 half sample
27,USPSRA.102108.RR03F1,"Now, thinking about Barack Obama's religious beliefs...Do you happen to know what Barack Obama's religion is?  Is he Christian, Jewish, Muslim, Buddhist, Hindu, atheist, agnostic, or something else? (If Don't know, probe:) Is that because you've heard different things about his religion, or because you just don't know enough about him?",Buddhist,*,Princeton Survey Research Associates International/Abt SRBI,Pew Research Center for the People & the Press,10/16/2008,10/19/2008,3016.0,telephone,Asked of Form 1 half sample
27,USPSRA.102108.RR03F1,"Now, thinking about Barack Obama's religious beliefs...Do you happen to know what Barack Obama's religion is?  Is he Christian, Jewish, Muslim, Buddhist, Hindu, atheist, agnostic, or something else? (If Don't know, probe:) Is that because you've heard different things about his religion, or because you just don't know enough about him?",Atheist,*,Princeton Survey Research Associates International/Abt SRBI,Pew Research Center for the People & the Press,10/16/2008,10/19/2008,3016.0,telephone,Asked of Form 1 half sample
27,USPSRA.102108.RR03F1,"Now, thinking about Barack Obama's religious beliefs...Do you happen to know what Barack Obama's religion is?  Is he Christian, Jewish, Muslim, Buddhist, Hindu, atheist, agnostic, or something else? (If Don't know, probe:) Is that because you've heard different things about his religion, or because you just don't know enough about him?",Agnostic,*,Princeton Survey Research Associates International/Abt SRBI,Pew Research Center for the People & the Press,10/16/2008,10/19/2008,3016.0,telephone,Asked of Form 1 half sample
27,USPSRA.102108.RR03F1,"Now, thinking about Barack Obama's religious beliefs...Do you happen to know what Barack Obama's religion is?  Is he Christian, Jewish, Muslim, Buddhist, Hindu, atheist, agnostic, or something else? (If Don't know, probe:) Is that because you've heard different things about his religion, or because you just don't know enough about him?",Something else,1,Princeton Survey Research Associates International/Abt SRBI,Pew Research Center for the People & the Press,10/16/2008,10/19/2008,3016.0,telephone,Asked of Form 1 half sample
27,USPSRA.102108.RR03F1,"Now, thinking about Barack Obama's religious beliefs...Do you happen to know what Barack Obama's religion is?  Is he Christian, Jewish, Muslim, Buddhist, Hindu, atheist, agnostic, or something else? (If Don't know, probe:) Is that because you've heard different things about his religion, or because you just don't know enough about him?",Don't know-heard different things (Vol.),13,Princeton Survey Research Associates International/Abt SRBI,Pew Research Center for the People & the Press,10/16/2008,10/19/2008,3016.0,telephone,Asked of Form 1 half sample
27,USPSRA.102108.RR03F1,"Now, thinking about Barack Obama's religious beliefs...Do you happen to know what Barack Obama's religion is?  Is he Christian, Jewish, Muslim, Buddhist, Hindu, atheist, agnostic, or something else? (If Don't know, probe:) Is that because you've heard different things about his religion, or because you just don't know enough about him?",Don't know-haven't heard enough (Vol.),20,Princeton Survey Research Associates International/Abt SRBI,Pew Research Center for the People & the Press,10/16/2008,10/19/2008,3016.0,telephone,Asked of Form 1 half sample
27,USPSRA.102108.RR03F1,"Now, thinking about Barack Obama's religious beliefs...Do you happen to know what Barack Obama's religion is?  Is he Christian, Jewish, Muslim, Buddhist, Hindu, atheist, agnostic, or something else? (If Don't know, probe:) Is that because you've heard different things about his religion, or because you just don't know enough about him?",Refused,3,Princeton Survey Research Associates International/Abt SRBI,Pew Research Center for the People & the Press,10/16/2008,10/19/2008,3016.0,telephone,Asked of Form 1 half sample
28,USCBSNYT.101408B.R40,"Do you know what Barack Obama's religion is ? (If Yes, ask:) What religion is he?",Protestant,26.0,CBS News/New York Times,,10/10/2008,10/13/2008,1070.0,telephone,Registered voters
28,USCBSNYT.101408B.R40,"Do you know what Barack Obama's religion is ? (If Yes, ask:) What religion is he?",Muslim,9.0,CBS News/New York Times,,10/10/2008,10/13/2008,1070.0,telephone,Registered voters
28,USCBSNYT.101408B.R40,"Do you know what Barack Obama's religion is ? (If Yes, ask:) What religion is he?",Baptist,4.0,CBS News/New York Times,,10/10/2008,10/13/2008,1070.0,telephone,Registered voters
28,USCBSNYT.101408B.R40,"Do you know what Barack Obama's religion is ? (If Yes, ask:) What religion is he?",Catholic,2.0,CBS News/New York Times,,10/10/2008,10/13/2008,1070.0,telephone,Registered voters
28,USCBSNYT.101408B.R40,"Do you know what Barack Obama's religion is ? (If Yes, ask:) What religion is he?",United Church of Christ,1.0,CBS News/New York Times,,10/10/2008,10/13/2008,1070.0,telephone,Registered voters
28,USCBSNYT.101408B.R40,"Do you know what Barack Obama's religion is ? (If Yes, ask:) What religion is he?",Other,1.0,CBS News/New York Times,,10/10/2008,10/13/2008,1070.0,telephone,Registered voters
28,USCBSNYT.101408B.R40,"Do you know what Barack Obama's religion is ? (If Yes, ask:) What religion is he?",Don't know/No answer,57.0,CBS News/New York Times,,10/10/2008,10/13/2008,1070.0,telephone,Registered voters
29,USPSRA.091808.R36F1,"Now, thinking about Barack Obama's religious beliefs...Do you happen to know what Barack Obama's religion is?  Is he Christian, Jewish, Muslim, Buddhist, Hindu, atheist, agnostic, or something else? (If Don't know, probe:) Is that because you've heard different things about his religion, or because you just don't know enough about him?","Christian (including volunteers of:  Protestant, Church of Christ, Trinity Church, Baptist, Methodist, etc.)",48,"Princeton Survey Research Associates International, Abt SRBI",Pew Research Center for the People & the Press,09/09/2008,09/14/2008,2982.0,telephone,Asked of Form 1 half sample
29,USPSRA.091808.R36F1,"Now, thinking about Barack Obama's religious beliefs...Do you happen to know what Barack Obama's religion is?  Is he Christian, Jewish, Muslim, Buddhist, Hindu, atheist, agnostic, or something else? (If Don't know, probe:) Is that because you've heard different things about his religion, or because you just don't know enough about him?",Jewish,1,"Princeton Survey Research Associates International, Abt SRBI",Pew Research Center for the People & the Press,09/09/2008,09/14/2008,2982.0,telephone,Asked of Form 1 half sample
29,USPSRA.091808.R36F1,"Now, thinking about Barack Obama's religious beliefs...Do you happen to know what Barack Obama's religion is?  Is he Christian, Jewish, Muslim, Buddhist, Hindu, atheist, agnostic, or something else? (If Don't know, probe:) Is that because you've heard different things about his religion, or because you just don't know enough about him?",Muslim (include Islam/Islamic),12,"Princeton Survey Research Associates International, Abt SRBI",Pew Research Center for the People & the Press,09/09/2008,09/14/2008,2982.0,telephone,Asked of Form 1 half sample
29,USPSRA.091808.R36F1,"Now, thinking about Barack Obama's religious beliefs...Do you happen to know what Barack Obama's religion is?  Is he Christian, Jewish, Muslim, Buddhist, Hindu, atheist, agnostic, or something else? (If Don't know, probe:) Is that because you've heard different things about his religion, or because you just don't know enough about him?",Buddhist,*,"Princeton Survey Research Associates International, Abt SRBI",Pew Research Center for the People & the Press,09/09/2008,09/14/2008,2982.0,telephone,Asked of Form 1 half sample
29,USPSRA.091808.R36F1,"Now, thinking about Barack Obama's religious beliefs...Do you happen to know what Barack Obama's religion is?  Is he Christian, Jewish, Muslim, Buddhist, Hindu, atheist, agnostic, or something else? (If Don't know, probe:) Is that because you've heard different things about his religion, or because you just don't know enough about him?",Hindu,*,"Princeton Survey Research Associates International, Abt SRBI",Pew Research Center for the People & the Press,09/09/2008,09/14/2008,2982.0,telephone,Asked of Form 1 half sample
29,USPSRA.091808.R36F1,"Now, thinking about Barack Obama's religious beliefs...Do you happen to know what Barack Obama's religion is?  Is he Christian, Jewish, Muslim, Buddhist, Hindu, atheist, agnostic, or something else? (If Don't know, probe:) Is that because you've heard different things about his religion, or because you just don't know enough about him?",Atheist,*,"Princeton Survey Research Associates International, Abt SRBI",Pew Research Center for the People & the Press,09/09/2008,09/14/2008,2982.0,telephone,Asked of Form 1 half sample
29,USPSRA.091808.R36F1,"Now, thinking about Barack Obama's religious beliefs...Do you happen to know what Barack Obama's religion is?  Is he Christian, Jewish, Muslim, Buddhist, Hindu, atheist, agnostic, or something else? (If Don't know, probe:) Is that because you've heard different things about his religion, or because you just don't know enough about him?",Agnostic,*,"Princeton Survey Research Associates International, Abt SRBI",Pew Research Center for the People & the Press,09/09/2008,09/14/2008,2982.0,telephone,Asked of Form 1 half sample
29,USPSRA.091808.R36F1,"Now, thinking about Barack Obama's religious beliefs...Do you happen to know what Barack Obama's religion is?  Is he Christian, Jewish, Muslim, Buddhist, Hindu, atheist, agnostic, or something else? (If Don't know, probe:) Is that because you've heard different things about his religion, or because you just don't know enough about him?",Something else,4,"Princeton Survey Research Associates International, Abt SRBI",Pew Research Center for the People & the Press,09/09/2008,09/14/2008,2982.0,telephone,Asked of Form 1 half sample
29,USPSRA.091808.R36F1,"Now, thinking about Barack Obama's religious beliefs...Do you happen to know what Barack Obama's religion is?  Is he Christian, Jewish, Muslim, Buddhist, Hindu, atheist, agnostic, or something else? (If Don't know, probe:) Is that because you've heard different things about his religion, or because you just don't know enough about him?",Don't know-heard different things (Vol.),18,"Princeton Survey Research Associates International, Abt SRBI",Pew Research Center for the People & the Press,09/09/2008,09/14/2008,2982.0,telephone,Asked of Form 1 half sample
29,USPSRA.091808.R36F1,"Now, thinking about Barack Obama's religious beliefs...Do you happen to know what Barack Obama's religion is?  Is he Christian, Jewish, Muslim, Buddhist, Hindu, atheist, agnostic, or something else? (If Don't know, probe:) Is that because you've heard different things about his religion, or because you just don't know enough about him?",Don't know-haven't heard enough (Vol.),15,"Princeton Survey Research Associates International, Abt SRBI",Pew Research Center for the People & the Press,09/09/2008,09/14/2008,2982.0,telephone,Asked of Form 1 half sample
29,USPSRA.091808.R36F1,"Now, thinking about Barack Obama's religious beliefs...Do you happen to know what Barack Obama's religion is?  Is he Christian, Jewish, Muslim, Buddhist, Hindu, atheist, agnostic, or something else? (If Don't know, probe:) Is that because you've heard different things about his religion, or because you just don't know enough about him?",Refused,2,"Princeton Survey Research Associates International, Abt SRBI",Pew Research Center for the People & the Press,09/09/2008,09/14/2008,2982.0,telephone,Asked of Form 1 half sample
3,USGALLUP.11MAY005.R38,"Do you think Barack Obama was definitely born in the United States, probably born in the United States, probably born in another country, definitely born in another country, or don't you know enough to say?",Definitely born in US,47.0,Gallup Organization,,05/05/2011,05/08/2011,1018.0,telephone,
3,USGALLUP.11MAY005.R38,"Do you think Barack Obama was definitely born in the United States, probably born in the United States, probably born in another country, definitely born in another country, or don't you know enough to say?",Probably born in US,18.0,Gallup Organization,,05/05/2011,05/08/2011,1018.0,telephone,
3,USGALLUP.11MAY005.R38,"Do you think Barack Obama was definitely born in the United States, probably born in the United States, probably born in another country, definitely born in another country, or don't you know enough to say?",Probably born in another country,8.0,Gallup Organization,,05/05/2011,05/08/2011,1018.0,telephone,
3,USGALLUP.11MAY005.R38,"Do you think Barack Obama was definitely born in the United States, probably born in the United States, probably born in another country, definitely born in another country, or don't you know enough to say?",Definitely born in another country,5.0,Gallup Organization,,05/05/2011,05/08/2011,1018.0,telephone,
3,USGALLUP.11MAY005.R38,"Do you think Barack Obama was definitely born in the United States, probably born in the United States, probably born in another country, definitely born in another country, or don't you know enough to say?",Don't know enough to say,20.0,Gallup Organization,,05/05/2011,05/08/2011,1018.0,telephone,
3,USGALLUP.11MAY005.R38,"Do you think Barack Obama was definitely born in the United States, probably born in the United States, probably born in another country, definitely born in another country, or don't you know enough to say?",No answer,1.0,Gallup Organization,,05/05/2011,05/08/2011,1018.0,telephone,
30,USAP.092308.R27A,"Do you happen to know the religion of each of the following (2008 presidential election) candidates?  If you don't know, you can mark that too....Protestant, Catholic, Mormon, Jewish, Muslim, some other religion, no religion...Barack Obama",Protestant,36.0,Knowledge Networks,"Associated Press, Yahoo",08/27/2008,09/05/2008,2227.0,online,
30,USAP.092308.R27A,"Do you happen to know the religion of each of the following (2008 presidential election) candidates?  If you don't know, you can mark that too....Protestant, Catholic, Mormon, Jewish, Muslim, some other religion, no religion...Barack Obama",Catholic,4.0,Knowledge Networks,"Associated Press, Yahoo",08/27/2008,09/05/2008,2227.0,online,
30,USAP.092308.R27A,"Do you happen to know the religion of each of the following (2008 presidential election) candidates?  If you don't know, you can mark that too....Protestant, Catholic, Mormon, Jewish, Muslim, some other religion, no religion...Barack Obama",Muslim,14.0,Knowledge Networks,"Associated Press, Yahoo",08/27/2008,09/05/2008,2227.0,online,
30,USAP.092308.R27A,"Do you happen to know the religion of each of the following (2008 presidential election) candidates?  If you don't know, you can mark that too....Protestant, Catholic, Mormon, Jewish, Muslim, some other religion, no religion...Barack Obama",Some other religion,5.0,Knowledge Networks,"Associated Press, Yahoo",08/27/2008,09/05/2008,2227.0,online,
30,USAP.092308.R27A,"Do you happen to know the religion of each of the following (2008 presidential election) candidates?  If you don't know, you can mark that too....Protestant, Catholic, Mormon, Jewish, Muslim, some other religion, no religion...Barack Obama",No religion,1.0,Knowledge Networks,"Associated Press, Yahoo",08/27/2008,09/05/2008,2227.0,online,
30,USAP.092308.R27A,"Do you happen to know the religion of each of the following (2008 presidential election) candidates?  If you don't know, you can mark that too....Protestant, Catholic, Mormon, Jewish, Muslim, some other religion, no religion...Barack Obama",Don't know,38.0,Knowledge Networks,"Associated Press, Yahoo",08/27/2008,09/05/2008,2227.0,online,
30,USAP.092308.R27A,"Do you happen to know the religion of each of the following (2008 presidential election) candidates?  If you don't know, you can mark that too....Protestant, Catholic, Mormon, Jewish, Muslim, some other religion, no religion...Barack Obama",Refused/Not answered,1.0,Knowledge Networks,"Associated Press, Yahoo",08/27/2008,09/05/2008,2227.0,online,
31,USNBCWSJ.08JUL.R27,"Do you know what Barack Obama's religion is? (If Yes, ask:) What religion is he?","Protestant (includes United Church of Christ, Baptist, Lutheran, Methodist, Episcopal, Presbyterian, and other Christians)",48.0,Hart and Newhouse Research Companies,"NBC News, Wall Street Journal",07/18/2008,07/21/2008,1074.0,telephone,
31,USNBCWSJ.08JUL.R27,"Do you know what Barack Obama's religion is? (If Yes, ask:) What religion is he?",Catholic,2.0,Hart and Newhouse Research Companies,"NBC News, Wall Street Journal",07/18/2008,07/21/2008,1074.0,telephone,
31,USNBCWSJ.08JUL.R27,"Do you know what Barack Obama's religion is? (If Yes, ask:) What religion is he?",Muslim,8.0,Hart and Newhouse Research Companies,"NBC News, Wall Street Journal",07/18/2008,07/21/2008,1074.0,telephone,
31,USNBCWSJ.08JUL.R27,"Do you know what Barack Obama's religion is? (If Yes, ask:) What religion is he?",Other,2.0,Hart and Newhouse Research Companies,"NBC News, Wall Street Journal",07/18/2008,07/21/2008,1074.0,telephone,
31,USNBCWSJ.08JUL.R27,"Do you know what Barack Obama's religion is? (If Yes, ask:) What religion is he?",,1.0,Hart and Newhouse Research Companies,"NBC News, Wall Street Journal",07/18/2008,07/21/2008,1074.0,telephone,
31,USNBCWSJ.08JUL.R27,"Do you know what Barack Obama's religion is? (If Yes, ask:) What religion is he?",Not sure/Refused,39.0,Hart and Newhouse Research Companies,"NBC News, Wall Street Journal",07/18/2008,07/21/2008,1074.0,telephone,
32,USPSRNEW.062008.R11A,"As far as you know, what is (2008) Democratic presidential (election) candidate Barack Obama's religion?  Is he a Christian, a Muslim, or something else?",Christian (Correct),61.0,Princeton Survey Research Associates International,Newsweek,06/18/2008,06/19/2008,1010.0,telephone,
32,USPSRNEW.062008.R11A,"As far as you know, what is (2008) Democratic presidential (election) candidate Barack Obama's religion?  Is he a Christian, a Muslim, or something else?",Muslim,13.0,Princeton Survey Research Associates International,Newsweek,06/18/2008,06/19/2008,1010.0,telephone,
32,USPSRNEW.062008.R11A,"As far as you know, what is (2008) Democratic presidential (election) candidate Barack Obama's religion?  Is he a Christian, a Muslim, or something else?",Something else,7.0,Princeton Survey Research Associates International,Newsweek,06/18/2008,06/19/2008,1010.0,telephone,
32,USPSRNEW.062008.R11A,"As far as you know, what is (2008) Democratic presidential (election) candidate Barack Obama's religion?  Is he a Christian, a Muslim, or something else?",Not sure/Refused,19.0,Princeton Survey Research Associates International,Newsweek,06/18/2008,06/19/2008,1010.0,telephone,
33,USPSRA.071008.R50,"Now, thinking about Barack Obama's religious beliefs...Do you happen to know what Barack Obama's religion is?  Is he Christian, Jewish, Muslim, Buddhist, Hindu, atheist, agnostic, or something else? (If Don't know, probe:) Is that because you've heard different things about his religion, or because you just don't know enough about him?",Christian,57,Princeton Survey Research Associates International,Pew Research Center for the People & the Press,06/18/2008,06/29/2008,2004.0,telephone,Asked of those who are absolutely certain they are registered to vote/plan to register (84% of sample)
33,USPSRA.071008.R50,"Now, thinking about Barack Obama's religious beliefs...Do you happen to know what Barack Obama's religion is?  Is he Christian, Jewish, Muslim, Buddhist, Hindu, atheist, agnostic, or something else? (If Don't know, probe:) Is that because you've heard different things about his religion, or because you just don't know enough about him?",Jewish,1,Princeton Survey Research Associates International,Pew Research Center for the People & the Press,06/18/2008,06/29/2008,2004.0,telephone,Asked of those who are absolutely certain they are registered to vote/plan to register (84% of sample)
33,USPSRA.071008.R50,"Now, thinking about Barack Obama's religious beliefs...Do you happen to know what Barack Obama's religion is?  Is he Christian, Jewish, Muslim, Buddhist, Hindu, atheist, agnostic, or something else? (If Don't know, probe:) Is that because you've heard different things about his religion, or because you just don't know enough about him?",Muslim,12,Princeton Survey Research Associates International,Pew Research Center for the People & the Press,06/18/2008,06/29/2008,2004.0,telephone,Asked of those who are absolutely certain they are registered to vote/plan to register (84% of sample)
33,USPSRA.071008.R50,"Now, thinking about Barack Obama's religious beliefs...Do you happen to know what Barack Obama's religion is?  Is he Christian, Jewish, Muslim, Buddhist, Hindu, atheist, agnostic, or something else? (If Don't know, probe:) Is that because you've heard different things about his religion, or because you just don't know enough about him?",Buddhist,*,Princeton Survey Research Associates International,Pew Research Center for the People & the Press,06/18/2008,06/29/2008,2004.0,telephone,Asked of those who are absolutely certain they are registered to vote/plan to register (84% of sample)
33,USPSRA.071008.R50,"Now, thinking about Barack Obama's religious beliefs...Do you happen to know what Barack Obama's religion is?  Is he Christian, Jewish, Muslim, Buddhist, Hindu, atheist, agnostic, or something else? (If Don't know, probe:) Is that because you've heard different things about his religion, or because you just don't know enough about him?",Hindu,*,Princeton Survey Research Associates International,Pew Research Center for the People & the Press,06/18/2008,06/29/2008,2004.0,telephone,Asked of those who are absolutely certain they are registered to vote/plan to register (84% of sample)
33,USPSRA.071008.R50,"Now, thinking about Barack Obama's religious beliefs...Do you happen to know what Barack Obama's religion is?  Is he Christian, Jewish, Muslim, Buddhist, Hindu, atheist, agnostic, or something else? (If Don't know, probe:) Is that because you've heard different things about his religion, or because you just don't know enough about him?",Atheist,*,Princeton Survey Research Associates International,Pew Research Center for the People & the Press,06/18/2008,06/29/2008,2004.0,telephone,Asked of those who are absolutely certain they are registered to vote/plan to register (84% of sample)
33,USPSRA.071008.R50,"Now, thinking about Barack Obama's religious beliefs...Do you happen to know what Barack Obama's religion is?  Is he Christian, Jewish, Muslim, Buddhist, Hindu, atheist, agnostic, or something else? (If Don't know, probe:) Is that because you've heard different things about his religion, or because you just don't know enough about him?",Agnostic,*,Princeton Survey Research Associates International,Pew Research Center for the People & the Press,06/18/2008,06/29/2008,2004.0,telephone,Asked of those who are absolutely certain they are registered to vote/plan to register (84% of sample)
33,USPSRA.071008.R50,"Now, thinking about Barack Obama's religious beliefs...Do you happen to know what Barack Obama's religion is?  Is he Christian, Jewish, Muslim, Buddhist, Hindu, atheist, agnostic, or something else? (If Don't know, probe:) Is that because you've heard different things about his religion, or because you just don't know enough about him?",Something else,2,Princeton Survey Research Associates International,Pew Research Center for the People & the Press,06/18/2008,06/29/2008,2004.0,telephone,Asked of those who are absolutely certain they are registered to vote/plan to register (84% of sample)
33,USPSRA.071008.R50,"Now, thinking about Barack Obama's religious beliefs...Do you happen to know what Barack Obama's religion is?  Is he Christian, Jewish, Muslim, Buddhist, Hindu, atheist, agnostic, or something else? (If Don't know, probe:) Is that because you've heard different things about his religion, or because you just don't know enough about him?",Don't know-Heard different things (Vol.),10,Princeton Survey Research Associates International,Pew Research Center for the People & the Press,06/18/2008,06/29/2008,2004.0,telephone,Asked of those who are absolutely certain they are registered to vote/plan to register (84% of sample)
33,USPSRA.071008.R50,"Now, thinking about Barack Obama's religious beliefs...Do you happen to know what Barack Obama's religion is?  Is he Christian, Jewish, Muslim, Buddhist, Hindu, atheist, agnostic, or something else? (If Don't know, probe:) Is that because you've heard different things about his religion, or because you just don't know enough about him?",Don't know-Haven't heard enough (Vol.),15,Princeton Survey Research Associates International,Pew Research Center for the People & the Press,06/18/2008,06/29/2008,2004.0,telephone,Asked of those who are absolutely certain they are registered to vote/plan to register (84% of sample)
33,USPSRA.071008.R50,"Now, thinking about Barack Obama's religious beliefs...Do you happen to know what Barack Obama's religion is?  Is he Christian, Jewish, Muslim, Buddhist, Hindu, atheist, agnostic, or something else? (If Don't know, probe:) Is that because you've heard different things about his religion, or because you just don't know enough about him?",Refused,3,Princeton Survey Research Associates International,Pew Research Center for the People & the Press,06/18/2008,06/29/2008,2004.0,telephone,Asked of those who are absolutely certain they are registered to vote/plan to register (84% of sample)
34,USPSRNEW.052308.R15,"As far as you know, what is Barack Obama's religion?  Is he a Christian, a Muslim, or something else?",Christian,58.0,Princeton Survey Research Associates International,Newsweek,05/21/2008,05/22/2008,1399.0,telephone,Registered voters
34,USPSRNEW.052308.R15,"As far as you know, what is Barack Obama's religion?  Is he a Christian, a Muslim, or something else?",Muslim,11.0,Princeton Survey Research Associates International,Newsweek,05/21/2008,05/22/2008,1399.0,telephone,Registered voters
34,USPSRNEW.052308.R15,"As far as you know, what is Barack Obama's religion?  Is he a Christian, a Muslim, or something else?",Something else,9.0,Princeton Survey Research Associates International,Newsweek,05/21/2008,05/22/2008,1399.0,telephone,Registered voters
34,USPSRNEW.052308.R15,"As far as you know, what is Barack Obama's religion?  Is he a Christian, a Muslim, or something else?",Don't know,22.0,Princeton Survey Research Associates International,Newsweek,05/21/2008,05/22/2008,1399.0,telephone,Registered voters
35,USCBSNYT.050408A.R27,"Do you know what Barack Obama's religion is? (If Yes, ask:) What religion is he?",Protestant,22.0,CBS News/New York Times,,05/01/2008,05/03/2008,671.0,telephone,Registered voters
35,USCBSNYT.050408A.R27,"Do you know what Barack Obama's religion is? (If Yes, ask:) What religion is he?",Catholic,1.0,CBS News/New York Times,,05/01/2008,05/03/2008,671.0,telephone,Registered voters
35,USCBSNYT.050408A.R27,"Do you know what Barack Obama's religion is? (If Yes, ask:) What religion is he?",Muslim,7.0,CBS News/New York Times,,05/01/2008,05/03/2008,671.0,telephone,Registered voters
35,USCBSNYT.050408A.R27,"Do you know what Barack Obama's religion is? (If Yes, ask:) What religion is he?",Baptist,4.0,CBS News/New York Times,,05/01/2008,05/03/2008,671.0,telephone,Registered voters
35,USCBSNYT.050408A.R27,"Do you know what Barack Obama's religion is? (If Yes, ask:) What religion is he?",United Church of Christ,2.0,CBS News/New York Times,,05/01/2008,05/03/2008,671.0,telephone,Registered voters
35,USCBSNYT.050408A.R27,"Do you know what Barack Obama's religion is? (If Yes, ask:) What religion is he?",Other,4.0,CBS News/New York Times,,05/01/2008,05/03/2008,671.0,telephone,Registered voters
35,USCBSNYT.050408A.R27,"Do you know what Barack Obama's religion is? (If Yes, ask:) What religion is he?",Don't know/No answer,60.0,CBS News/New York Times,,05/01/2008,05/03/2008,671.0,telephone,Registered voters
36,USPSRNEW.042608.R22,"As far as you know, what is Barack Obama's religion?  Is he a Christian, a Muslim, or something else?",Christian,52.0,Princeton Survey Research Associates International,Newsweek,04/24/2008,04/25/2008,1371.0,telephone,Registered voters
36,USPSRNEW.042608.R22,"As far as you know, what is Barack Obama's religion?  Is he a Christian, a Muslim, or something else?",Muslim,13.0,Princeton Survey Research Associates International,Newsweek,04/24/2008,04/25/2008,1371.0,telephone,Registered voters
36,USPSRNEW.042608.R22,"As far as you know, what is Barack Obama's religion?  Is he a Christian, a Muslim, or something else?",Something else,9.0,Princeton Survey Research Associates International,Newsweek,04/24/2008,04/25/2008,1371.0,telephone,Registered voters
36,USPSRNEW.042608.R22,"As far as you know, what is Barack Obama's religion?  Is he a Christian, a Muslim, or something else?",Don't know,26.0,Princeton Survey Research Associates International,Newsweek,04/24/2008,04/25/2008,1371.0,telephone,Registered voters
37,USAP.041708.R34B,"(Do you happen to know the religion of each of the following (2008 presidential election) candidates?  If you don't know, you can mark that too....Protestant, Catholic, Mormon, Jewish, Muslim, some other religion, no religion, don't know)...Barack Obama",Protestant,27.0,Knowledge Networks,"Associated Press, Yahoo",04/02/2008,04/14/2008,1844.0,online,Asked of Form A half sample
37,USAP.041708.R34B,"(Do you happen to know the religion of each of the following (2008 presidential election) candidates?  If you don't know, you can mark that too....Protestant, Catholic, Mormon, Jewish, Muslim, some other religion, no religion, don't know)...Barack Obama",Catholic,2.0,Knowledge Networks,"Associated Press, Yahoo",04/02/2008,04/14/2008,1844.0,online,Asked of Form A half sample
37,USAP.041708.R34B,"(Do you happen to know the religion of each of the following (2008 presidential election) candidates?  If you don't know, you can mark that too....Protestant, Catholic, Mormon, Jewish, Muslim, some other religion, no religion, don't know)...Barack Obama",Mormon,1.0,Knowledge Networks,"Associated Press, Yahoo",04/02/2008,04/14/2008,1844.0,online,Asked of Form A half sample
37,USAP.041708.R34B,"(Do you happen to know the religion of each of the following (2008 presidential election) candidates?  If you don't know, you can mark that too....Protestant, Catholic, Mormon, Jewish, Muslim, some other religion, no religion, don't know)...Barack Obama",Muslim,15.0,Knowledge Networks,"Associated Press, Yahoo",04/02/2008,04/14/2008,1844.0,online,Asked of Form A half sample
37,USAP.041708.R34B,"(Do you happen to know the religion of each of the following (2008 presidential election) candidates?  If you don't know, you can mark that too....Protestant, Catholic, Mormon, Jewish, Muslim, some other religion, no religion, don't know)...Barack Obama",Some other religion (specify),8.0,Knowledge Networks,"Associated Press, Yahoo",04/02/2008,04/14/2008,1844.0,online,Asked of Form A half sample
37,USAP.041708.R34B,"(Do you happen to know the religion of each of the following (2008 presidential election) candidates?  If you don't know, you can mark that too....Protestant, Catholic, Mormon, Jewish, Muslim, some other religion, no religion, don't know)...Barack Obama",No religion,1.0,Knowledge Networks,"Associated Press, Yahoo",04/02/2008,04/14/2008,1844.0,online,Asked of Form A half sample
37,USAP.041708.R34B,"(Do you happen to know the religion of each of the following (2008 presidential election) candidates?  If you don't know, you can mark that too....Protestant, Catholic, Mormon, Jewish, Muslim, some other religion, no religion, don't know)...Barack Obama",Don't know,44.0,Knowledge Networks,"Associated Press, Yahoo",04/02/2008,04/14/2008,1844.0,online,Asked of Form A half sample
37,USAP.041708.R34B,"(Do you happen to know the religion of each of the following (2008 presidential election) candidates?  If you don't know, you can mark that too....Protestant, Catholic, Mormon, Jewish, Muslim, some other religion, no religion, don't know)...Barack Obama",Refused/Not answered,2.0,Knowledge Networks,"Associated Press, Yahoo",04/02/2008,04/14/2008,1844.0,online,Asked of Form A half sample
38,USPSRA.032708.R54,"Now, thinking about Barack Obama's religious beliefs...Do you happen to know what Barack Obama's religion is?  Is he Christian, Jewish, Muslim, Buddhist, Hindu, atheist, agnostic, or something else? (If Don't know, probe:) Is that because you've heard different things about his religion, or because you just don't know enough about him?",Christian,47,Princeton Survey Research Associates International,Pew Research Center for the People & the Press,03/19/2008,03/22/2008,1503.0,telephone,
38,USPSRA.032708.R54,"Now, thinking about Barack Obama's religious beliefs...Do you happen to know what Barack Obama's religion is?  Is he Christian, Jewish, Muslim, Buddhist, Hindu, atheist, agnostic, or something else? (If Don't know, probe:) Is that because you've heard different things about his religion, or because you just don't know enough about him?",Jewish,*,Princeton Survey Research Associates International,Pew Research Center for the People & the Press,03/19/2008,03/22/2008,1503.0,telephone,
38,USPSRA.032708.R54,"Now, thinking about Barack Obama's religious beliefs...Do you happen to know what Barack Obama's religion is?  Is he Christian, Jewish, Muslim, Buddhist, Hindu, atheist, agnostic, or something else? (If Don't know, probe:) Is that because you've heard different things about his religion, or because you just don't know enough about him?",Muslim,12,Princeton Survey Research Associates International,Pew Research Center for the People & the Press,03/19/2008,03/22/2008,1503.0,telephone,
38,USPSRA.032708.R54,"Now, thinking about Barack Obama's religious beliefs...Do you happen to know what Barack Obama's religion is?  Is he Christian, Jewish, Muslim, Buddhist, Hindu, atheist, agnostic, or something else? (If Don't know, probe:) Is that because you've heard different things about his religion, or because you just don't know enough about him?",Buddhist,*,Princeton Survey Research Associates International,Pew Research Center for the People & the Press,03/19/2008,03/22/2008,1503.0,telephone,
38,USPSRA.032708.R54,"Now, thinking about Barack Obama's religious beliefs...Do you happen to know what Barack Obama's religion is?  Is he Christian, Jewish, Muslim, Buddhist, Hindu, atheist, agnostic, or something else? (If Don't know, probe:) Is that because you've heard different things about his religion, or because you just don't know enough about him?",Hindu,*,Princeton Survey Research Associates International,Pew Research Center for the People & the Press,03/19/2008,03/22/2008,1503.0,telephone,
38,USPSRA.032708.R54,"Now, thinking about Barack Obama's religious beliefs...Do you happen to know what Barack Obama's religion is?  Is he Christian, Jewish, Muslim, Buddhist, Hindu, atheist, agnostic, or something else? (If Don't know, probe:) Is that because you've heard different things about his religion, or because you just don't know enough about him?",Atheist,*,Princeton Survey Research Associates International,Pew Research Center for the People & the Press,03/19/2008,03/22/2008,1503.0,telephone,
38,USPSRA.032708.R54,"Now, thinking about Barack Obama's religious beliefs...Do you happen to know what Barack Obama's religion is?  Is he Christian, Jewish, Muslim, Buddhist, Hindu, atheist, agnostic, or something else? (If Don't know, probe:) Is that because you've heard different things about his religion, or because you just don't know enough about him?",Agnostic,*,Princeton Survey Research Associates International,Pew Research Center for the People & the Press,03/19/2008,03/22/2008,1503.0,telephone,
38,USPSRA.032708.R54,"Now, thinking about Barack Obama's religious beliefs...Do you happen to know what Barack Obama's religion is?  Is he Christian, Jewish, Muslim, Buddhist, Hindu, atheist, agnostic, or something else? (If Don't know, probe:) Is that because you've heard different things about his religion, or because you just don't know enough about him?",Something else,1,Princeton Survey Research Associates International,Pew Research Center for the People & the Press,03/19/2008,03/22/2008,1503.0,telephone,
38,USPSRA.032708.R54,"Now, thinking about Barack Obama's religious beliefs...Do you happen to know what Barack Obama's religion is?  Is he Christian, Jewish, Muslim, Buddhist, Hindu, atheist, agnostic, or something else? (If Don't know, probe:) Is that because you've heard different things about his religion, or because you just don't know enough about him?",Don't know--Heard different things (Vol.),10,Princeton Survey Research Associates International,Pew Research Center for the People & the Press,03/19/2008,03/22/2008,1503.0,telephone,
38,USPSRA.032708.R54,"Now, thinking about Barack Obama's religious beliefs...Do you happen to know what Barack Obama's religion is?  Is he Christian, Jewish, Muslim, Buddhist, Hindu, atheist, agnostic, or something else? (If Don't know, probe:) Is that because you've heard different things about his religion, or because you just don't know enough about him?",Don't know--Haven't heard enough (Vol.),27,Princeton Survey Research Associates International,Pew Research Center for the People & the Press,03/19/2008,03/22/2008,1503.0,telephone,
38,USPSRA.032708.R54,"Now, thinking about Barack Obama's religious beliefs...Do you happen to know what Barack Obama's religion is?  Is he Christian, Jewish, Muslim, Buddhist, Hindu, atheist, agnostic, or something else? (If Don't know, probe:) Is that because you've heard different things about his religion, or because you just don't know enough about him?",Refused,3,Princeton Survey Research Associates International,Pew Research Center for the People & the Press,03/19/2008,03/22/2008,1503.0,telephone,
39,USNBCWSJ.08MAR.R29,"Do you know what Barack Obama's religion is? (If Yes, ask:) What religion is he?","Protestant (includes United Church of Christ, Baptist, Lutheran, Methodist, Episcopal, Presbyterian, and other Christians)",37.0,Hart and McInturff Research Companies,"NBC News, Wall Street Journal",03/07/2008,03/10/2008,1012.0,telephone,
39,USNBCWSJ.08MAR.R29,"Do you know what Barack Obama's religion is? (If Yes, ask:) What religion is he?",Catholic,2.0,Hart and McInturff Research Companies,"NBC News, Wall Street Journal",03/07/2008,03/10/2008,1012.0,telephone,
39,USNBCWSJ.08MAR.R29,"Do you know what Barack Obama's religion is? (If Yes, ask:) What religion is he?",Muslim,13.0,Hart and McInturff Research Companies,"NBC News, Wall Street Journal",03/07/2008,03/10/2008,1012.0,telephone,
39,USNBCWSJ.08MAR.R29,"Do you know what Barack Obama's religion is? (If Yes, ask:) What religion is he?",Other,2.0,Hart and McInturff Research Companies,"NBC News, Wall Street Journal",03/07/2008,03/10/2008,1012.0,telephone,
39,USNBCWSJ.08MAR.R29,"Do you know what Barack Obama's religion is? (If Yes, ask:) What religion is he?",,2.0,Hart and McInturff Research Companies,"NBC News, Wall Street Journal",03/07/2008,03/10/2008,1012.0,telephone,
39,USNBCWSJ.08MAR.R29,"Do you know what Barack Obama's religion is? (If Yes, ask:) What religion is he?",Not sure/Refused,44.0,Hart and McInturff Research Companies,"NBC News, Wall Street Journal",03/07/2008,03/10/2008,1012.0,telephone,
4,USGALLUP.11MAY005TR.R01,"Do you think Barack Obama was definitely born in the United States, probably born in the United States, probably born in another country, definitely born in another country, or don't you know enough to say?",Definitely born in US,38.0,Gallup Organization,,04/20/2011,04/23/2011,1013.0,telephone,
4,USGALLUP.11MAY005TR.R01,"Do you think Barack Obama was definitely born in the United States, probably born in the United States, probably born in another country, definitely born in another country, or don't you know enough to say?",Probably born in US,18.0,Gallup Organization,,04/20/2011,04/23/2011,1013.0,telephone,
4,USGALLUP.11MAY005TR.R01,"Do you think Barack Obama was definitely born in the United States, probably born in the United States, probably born in another country, definitely born in another country, or don't you know enough to say?",Probably born in another country,15.0,Gallup Organization,,04/20/2011,04/23/2011,1013.0,telephone,
4,USGALLUP.11MAY005TR.R01,"Do you think Barack Obama was definitely born in the United States, probably born in the United States, probably born in another country, definitely born in another country, or don't you know enough to say?",Definitely born in another country,9.0,Gallup Organization,,04/20/2011,04/23/2011,1013.0,telephone,
4,USGALLUP.11MAY005TR.R01,"Do you think Barack Obama was definitely born in the United States, probably born in the United States, probably born in another country, definitely born in another country, or don't you know enough to say?",Don't know enough to say,19.0,Gallup Organization,,04/20/2011,04/23/2011,1013.0,telephone,
4,USGALLUP.11MAY005TR.R01,"Do you think Barack Obama was definitely born in the United States, probably born in the United States, probably born in another country, definitely born in another country, or don't you know enough to say?",No answer,1.0,Gallup Organization,,04/20/2011,04/23/2011,1013.0,telephone,
40,USCBS.081507.R61,"Do you know what Barack Obama's religion is? (If Yes, ask:) What religion is he?",Protestant,6.0,CBS News,,08/08/2007,08/12/2007,1214.0,telephone,Registered voters
40,USCBS.081507.R61,"Do you know what Barack Obama's religion is? (If Yes, ask:) What religion is he?",Catholic,1.0,CBS News,,08/08/2007,08/12/2007,1214.0,telephone,Registered voters
40,USCBS.081507.R61,"Do you know what Barack Obama's religion is? (If Yes, ask:) What religion is he?",Other,1.0,CBS News,,08/08/2007,08/12/2007,1214.0,telephone,Registered voters
40,USCBS.081507.R61,"Do you know what Barack Obama's religion is? (If Yes, ask:) What religion is he?",Muslim,7.0,CBS News,,08/08/2007,08/12/2007,1214.0,telephone,Registered voters
40,USCBS.081507.R61,"Do you know what Barack Obama's religion is? (If Yes, ask:) What religion is he?",United Church of Christ,1.0,CBS News,,08/08/2007,08/12/2007,1214.0,telephone,Registered voters
40,USCBS.081507.R61,"Do you know what Barack Obama's religion is? (If Yes, ask:) What religion is he?",Don't know/No answer,84.0,CBS News,,08/08/2007,08/12/2007,1214.0,telephone,Registered voters
5,USCBSNYT.042111A.R72,"According to the Constitution, American presidents must be 'natural born citizens.'  Some people say Barack Obama was not born in the United States, but was born in another country.  Do you think Barack Obama was born in the United States, or do you think he was born in another country?",Born in US,57.0,CBS News/New York Times,,04/15/2011,04/20/2011,1224.0,telephone,
5,USCBSNYT.042111A.R72,"According to the Constitution, American presidents must be 'natural born citizens.'  Some people say Barack Obama was not born in the United States, but was born in another country.  Do you think Barack Obama was born in the United States, or do you think he was born in another country?",Another country,25.0,CBS News/New York Times,,04/15/2011,04/20/2011,1224.0,telephone,
5,USCBSNYT.042111A.R72,"According to the Constitution, American presidents must be 'natural born citizens.'  Some people say Barack Obama was not born in the United States, but was born in another country.  Do you think Barack Obama was born in the United States, or do you think he was born in another country?",Don't know/No answer,18.0,CBS News/New York Times,,04/15/2011,04/20/2011,1224.0,telephone,
54,USPSRA.121814K.R06F,"(I'm going to read you a list of specific elements or parts of the (2010 health reform) law. For each, please tell me whether you think it is something the law does, or not.) To the best of your knowledge, would you say the health reform law does or does not...allow undocumented immigrants to receive financial help from the government to buy health insurance?","Yes, law does this",43.0,Princeton Survey Research Associates International,Henry J. Kaiser Family Foundation,12/02/2014,12/09/2014,1505.0,telephone,
54,USPSRA.121814K.R06F,"(I'm going to read you a list of specific elements or parts of the (2010 health reform) law. For each, please tell me whether you think it is something the law does, or not.) To the best of your knowledge, would you say the health reform law does or does not...allow undocumented immigrants to receive financial help from the government to buy health insurance?","No, law does not do this",38.0,Princeton Survey Research Associates International,Henry J. Kaiser Family Foundation,12/02/2014,12/09/2014,1505.0,telephone,
54,USPSRA.121814K.R06F,"(I'm going to read you a list of specific elements or parts of the (2010 health reform) law. For each, please tell me whether you think it is something the law does, or not.) To the best of your knowledge, would you say the health reform law does or does not...allow undocumented immigrants to receive financial help from the government to buy health insurance?",Don't know/Refused,19.0,Princeton Survey Research Associates International,Henry J. Kaiser Family Foundation,12/02/2014,12/09/2014,1505.0,telephone,
55,USPSRA.121814K.R06G,"(I'm going to read you a list of specific elements or parts of the (2010 health reform) law. For each, please tell me whether you think it is something the law does, or not.) To the best of your knowledge, would you say the health reform law does or does not...establish a government panel to make decisions about end-of-life care for people on Medicare?","Yes, law does this",41.0,Princeton Survey Research Associates International,Henry J. Kaiser Family Foundation,12/02/2014,12/09/2014,1505.0,telephone,
55,USPSRA.121814K.R06G,"(I'm going to read you a list of specific elements or parts of the (2010 health reform) law. For each, please tell me whether you think it is something the law does, or not.) To the best of your knowledge, would you say the health reform law does or does not...establish a government panel to make decisions about end-of-life care for people on Medicare?","No, law does not do this",41.0,Princeton Survey Research Associates International,Henry J. Kaiser Family Foundation,12/02/2014,12/09/2014,1505.0,telephone,
55,USPSRA.121814K.R06G,"(I'm going to read you a list of specific elements or parts of the (2010 health reform) law. For each, please tell me whether you think it is something the law does, or not.) To the best of your knowledge, would you say the health reform law does or does not...establish a government panel to make decisions about end-of-life care for people on Medicare?",Don't know/Refused,19.0,Princeton Survey Research Associates International,Henry J. Kaiser Family Foundation,12/02/2014,12/09/2014,1505.0,telephone,
59,USPSRA.032614K.R12G,"(I'm going to read you a list of specific elements or parts of the (2010 health care) law. For each, please tell me whether you think it is something the law does, or not.) To the best of your knowledge, would you say the health reform law does or does not...allow undocumented immigrants to receive financial help from the government to buy health insurance?","Yes, law does this",46.0,Princeton Survey Research Associates International,Henry J. Kaiser Family Foundation,03/11/2014,03/17/2014,1504.0,telephone,Asked of Form A half sample
59,USPSRA.032614K.R12G,"(I'm going to read you a list of specific elements or parts of the (2010 health care) law. For each, please tell me whether you think it is something the law does, or not.) To the best of your knowledge, would you say the health reform law does or does not...allow undocumented immigrants to receive financial help from the government to buy health insurance?","No, law does not do this",32.0,Princeton Survey Research Associates International,Henry J. Kaiser Family Foundation,03/11/2014,03/17/2014,1504.0,telephone,Asked of Form A half sample
59,USPSRA.032614K.R12G,"(I'm going to read you a list of specific elements or parts of the (2010 health care) law. For each, please tell me whether you think it is something the law does, or not.) To the best of your knowledge, would you say the health reform law does or does not...allow undocumented immigrants to receive financial help from the government to buy health insurance?",Don't know/Refused,22.0,Princeton Survey Research Associates International,Henry J. Kaiser Family Foundation,03/11/2014,03/17/2014,1504.0,telephone,Asked of Form A half sample
6,USASFOX.040711A.R38,"Do you think Barack Obama was born in the United States, or not?",Yes,67.0,Anderson Robbins Research/Shaw & Co. Research,Fox News,04/03/2011,04/05/2011,914.0,telephone,
6,USASFOX.040711A.R38,"Do you think Barack Obama was born in the United States, or not?",No,24.0,Anderson Robbins Research/Shaw & Co. Research,Fox News,04/03/2011,04/05/2011,914.0,telephone,
6,USASFOX.040711A.R38,"Do you think Barack Obama was born in the United States, or not?",Don't know,10.0,Anderson Robbins Research/Shaw & Co. Research,Fox News,04/03/2011,04/05/2011,914.0,telephone,
63,USPSRA.032614K.R12K,"(I'm going to read you a list of specific elements or parts of the (2010 health care) law. For each, please tell me whether you think it is something the law does, or not.) To the best of your knowledge, would you say the health reform law does or does not...establish a government panel to make decisions about end-of-life care for people on Medicare?","Yes, law does this",34.0,Princeton Survey Research Associates International,Henry J. Kaiser Family Foundation,03/11/2014,03/17/2014,1504.0,telephone,
63,USPSRA.032614K.R12K,"(I'm going to read you a list of specific elements or parts of the (2010 health care) law. For each, please tell me whether you think it is something the law does, or not.) To the best of your knowledge, would you say the health reform law does or does not...establish a government panel to make decisions about end-of-life care for people on Medicare?","No, law does not do this",44.0,Princeton Survey Research Associates International,Henry J. Kaiser Family Foundation,03/11/2014,03/17/2014,1504.0,telephone,
63,USPSRA.032614K.R12K,"(I'm going to read you a list of specific elements or parts of the (2010 health care) law. For each, please tell me whether you think it is something the law does, or not.) To the best of your knowledge, would you say the health reform law does or does not...establish a government panel to make decisions about end-of-life care for people on Medicare?",Don't know/Refused,23.0,Princeton Survey Research Associates International,Henry J. Kaiser Family Foundation,03/11/2014,03/17/2014,1504.0,telephone,
7,USORC.2011004.Q41,"Do you think Barack Obama was definitely born in the United States, probably born in the United States, probably born in another country, or definitely born in another country?",Definitely born in the US,46.0,Opinion Research Corporation,Cable News Network,03/11/2011,03/13/2011,1023.0,telephone,
7,USORC.2011004.Q41,"Do you think Barack Obama was definitely born in the United States, probably born in the United States, probably born in another country, or definitely born in another country?",Probably born in the US,26.0,Opinion Research Corporation,Cable News Network,03/11/2011,03/13/2011,1023.0,telephone,
7,USORC.2011004.Q41,"Do you think Barack Obama was definitely born in the United States, probably born in the United States, probably born in another country, or definitely born in another country?",Probably born in another country,15.0,Opinion Research Corporation,Cable News Network,03/11/2011,03/13/2011,1023.0,telephone,
7,USORC.2011004.Q41,"Do you think Barack Obama was definitely born in the United States, probably born in the United States, probably born in another country, or definitely born in another country?",Definitely born in another country,10.0,Opinion Research Corporation,Cable News Network,03/11/2011,03/13/2011,1023.0,telephone,
7,USORC.2011004.Q41,"Do you think Barack Obama was definitely born in the United States, probably born in the United States, probably born in another country, or definitely born in another country?",Don't know/Undecided/Refused,3.0,Opinion Research Corporation,Cable News Network,03/11/2011,03/13/2011,1023.0,telephone,
75,USPSRA.092813.R20J,"(I'm going to read you a list of specific elements or parts of the law.  For each, please tell me whether you think it is included in the (2010) health reform law, or not.) To the best of your knowledge, would you say the health reform law does or does not...create a new government run insurance plan to be offered along with private plans?","Yes, law does this",52.0,Princeton Survey Research Associates International,Henry J. Kaiser Family Foundation,09/12/2013,09/18/2013,1503.0,telephone,
75,USPSRA.092813.R20J,"(I'm going to read you a list of specific elements or parts of the law.  For each, please tell me whether you think it is included in the (2010) health reform law, or not.) To the best of your knowledge, would you say the health reform law does or does not...create a new government run insurance plan to be offered along with private plans?","No, law does not do this",32.0,Princeton Survey Research Associates International,Henry J. Kaiser Family Foundation,09/12/2013,09/18/2013,1503.0,telephone,
75,USPSRA.092813.R20J,"(I'm going to read you a list of specific elements or parts of the law.  For each, please tell me whether you think it is included in the (2010) health reform law, or not.) To the best of your knowledge, would you say the health reform law does or does not...create a new government run insurance plan to be offered along with private plans?",Don't know/Refused,16.0,Princeton Survey Research Associates International,Henry J. Kaiser Family Foundation,09/12/2013,09/18/2013,1503.0,telephone,
76,USPSRA.092813.R20I,"(I'm going to read you a list of specific elements or parts of the law.  For each, please tell me whether you think it is included in the (2010) health reform law, or not.) To the best of your knowledge, would you say the health reform law does or does not...allow undocumented immigrants to receive financial help from the government to buy health insurance?","Yes, law does this",43.0,Princeton Survey Research Associates International,Henry J. Kaiser Family Foundation,09/12/2013,09/18/2013,1503.0,telephone,
76,USPSRA.092813.R20I,"(I'm going to read you a list of specific elements or parts of the law.  For each, please tell me whether you think it is included in the (2010) health reform law, or not.) To the best of your knowledge, would you say the health reform law does or does not...allow undocumented immigrants to receive financial help from the government to buy health insurance?","No, law does not do this",35.0,Princeton Survey Research Associates International,Henry J. Kaiser Family Foundation,09/12/2013,09/18/2013,1503.0,telephone,
76,USPSRA.092813.R20I,"(I'm going to read you a list of specific elements or parts of the law.  For each, please tell me whether you think it is included in the (2010) health reform law, or not.) To the best of your knowledge, would you say the health reform law does or does not...allow undocumented immigrants to receive financial help from the government to buy health insurance?",Don't know/Refused,21.0,Princeton Survey Research Associates International,Henry J. Kaiser Family Foundation,09/12/2013,09/18/2013,1503.0,telephone,
78,USPSRA.092813.R20G,"(I'm going to read you a list of specific elements or parts of the law.  For each, please tell me whether you think it is included in the (2010) health reform law, or not.) To the best of your knowledge, would you say the health reform law does or does not...establish a government panel to make decisions about end-of-life care for people on Medicare?","Yes, law does this",42.0,Princeton Survey Research Associates International,Henry J. Kaiser Family Foundation,09/12/2013,09/18/2013,1503.0,telephone,
78,USPSRA.092813.R20G,"(I'm going to read you a list of specific elements or parts of the law.  For each, please tell me whether you think it is included in the (2010) health reform law, or not.) To the best of your knowledge, would you say the health reform law does or does not...establish a government panel to make decisions about end-of-life care for people on Medicare?","No, law does not do this",38.0,Princeton Survey Research Associates International,Henry J. Kaiser Family Foundation,09/12/2013,09/18/2013,1503.0,telephone,
78,USPSRA.092813.R20G,"(I'm going to read you a list of specific elements or parts of the law.  For each, please tell me whether you think it is included in the (2010) health reform law, or not.) To the best of your knowledge, would you say the health reform law does or does not...establish a government panel to make decisions about end-of-life care for people on Medicare?",Don't know/Refused,20.0,Princeton Survey Research Associates International,Henry J. Kaiser Family Foundation,09/12/2013,09/18/2013,1503.0,telephone,
8,USCBS.062810VF.R08,"Do you think Barack Obama was born in the United States, or do you think he was born in another country?...Hawaii, Kansas, someplace else in the US, not sure which state in the US, Kenya, Indonesia, someplace else outside the US, not sure which country",Hawaii,39.0,CBS News,Vanity Fair,06/01/2010,06/03/2010,960.0,telephone,
8,USCBS.062810VF.R08,"Do you think Barack Obama was born in the United States, or do you think he was born in another country?...Hawaii, Kansas, someplace else in the US, not sure which state in the US, Kenya, Indonesia, someplace else outside the US, not sure which country",Kansas,1.0,CBS News,Vanity Fair,06/01/2010,06/03/2010,960.0,telephone,
8,USCBS.062810VF.R08,"Do you think Barack Obama was born in the United States, or do you think he was born in another country?...Hawaii, Kansas, someplace else in the US, not sure which state in the US, Kenya, Indonesia, someplace else outside the US, not sure which country",Someplace else in the US,3.0,CBS News,Vanity Fair,06/01/2010,06/03/2010,960.0,telephone,
8,USCBS.062810VF.R08,"Do you think Barack Obama was born in the United States, or do you think he was born in another country?...Hawaii, Kansas, someplace else in the US, not sure which state in the US, Kenya, Indonesia, someplace else outside the US, not sure which country",Not sure which state in the US,20.0,CBS News,Vanity Fair,06/01/2010,06/03/2010,960.0,telephone,
8,USCBS.062810VF.R08,"Do you think Barack Obama was born in the United States, or do you think he was born in another country?...Hawaii, Kansas, someplace else in the US, not sure which state in the US, Kenya, Indonesia, someplace else outside the US, not sure which country",Kenya,6.0,CBS News,Vanity Fair,06/01/2010,06/03/2010,960.0,telephone,
8,USCBS.062810VF.R08,"Do you think Barack Obama was born in the United States, or do you think he was born in another country?...Hawaii, Kansas, someplace else in the US, not sure which state in the US, Kenya, Indonesia, someplace else outside the US, not sure which country",Indonesia,2.0,CBS News,Vanity Fair,06/01/2010,06/03/2010,960.0,telephone,
8,USCBS.062810VF.R08,"Do you think Barack Obama was born in the United States, or do you think he was born in another country?...Hawaii, Kansas, someplace else in the US, not sure which state in the US, Kenya, Indonesia, someplace else outside the US, not sure which country",Someplace else outside the US,5.0,CBS News,Vanity Fair,06/01/2010,06/03/2010,960.0,telephone,
8,USCBS.062810VF.R08,"Do you think Barack Obama was born in the United States, or do you think he was born in another country?...Hawaii, Kansas, someplace else in the US, not sure which state in the US, Kenya, Indonesia, someplace else outside the US, not sure which country",Not sure which country,11.0,CBS News,Vanity Fair,06/01/2010,06/03/2010,960.0,telephone,
8,USCBS.062810VF.R08,"Do you think Barack Obama was born in the United States, or do you think he was born in another country?...Hawaii, Kansas, someplace else in the US, not sure which state in the US, Kenya, Indonesia, someplace else outside the US, not sure which country",Don't know/No answer,13.0,CBS News,Vanity Fair,06/01/2010,06/03/2010,960.0,telephone,
82,USPSRA.092813.R20H,"(I'm going to read you a list of specific elements or parts of the law.  For each, please tell me whether you think it is included in the (2010) health reform law, or not.) To the best of your knowledge, would you say the health reform law does or does not...cut benefits for people in the traditional Medicare program?","Yes, law does this",42.0,Princeton Survey Research Associates International,Henry J. Kaiser Family Foundation,09/12/2013,09/18/2013,1503.0,telephone,
82,USPSRA.092813.R20H,"(I'm going to read you a list of specific elements or parts of the law.  For each, please tell me whether you think it is included in the (2010) health reform law, or not.) To the best of your knowledge, would you say the health reform law does or does not...cut benefits for people in the traditional Medicare program?","No, law does not do this",40.0,Princeton Survey Research Associates International,Henry J. Kaiser Family Foundation,09/12/2013,09/18/2013,1503.0,telephone,
82,USPSRA.092813.R20H,"(I'm going to read you a list of specific elements or parts of the law.  For each, please tell me whether you think it is included in the (2010) health reform law, or not.) To the best of your knowledge, would you say the health reform law does or does not...cut benefits for people in the traditional Medicare program?",Don't know/Refused,18.0,Princeton Survey Research Associates International,Henry J. Kaiser Family Foundation,09/12/2013,09/18/2013,1503.0,telephone,
86,USORC.082009NII.RB,"From what you know, do you think it is true or not true that the health care (reform) legislation will create these so called 'death panels' (or government organizations that will and will not receive health services when they are certainly ill)?",True,30.0,Opinion Research Corporation,Pew Research Center for the People & the Press,08/14/2009,08/17/2009,1003.0,telephone,Asked of those who have heard a lot/a little about this (86%)
86,USORC.082009NII.RB,"From what you know, do you think it is true or not true that the health care (reform) legislation will create these so called 'death panels' (or government organizations that will and will not receive health services when they are certainly ill)?",Not true,50.0,Opinion Research Corporation,Pew Research Center for the People & the Press,08/14/2009,08/17/2009,1003.0,telephone,Asked of those who have heard a lot/a little about this (86%)
86,USORC.082009NII.RB,"From what you know, do you think it is true or not true that the health care (reform) legislation will create these so called 'death panels' (or government organizations that will and will not receive health services when they are certainly ill)?",Don't know/Refused,20.0,Opinion Research Corporation,Pew Research Center for the People & the Press,08/14/2009,08/17/2009,1003.0,telephone,Asked of those who have heard a lot/a little about this (86%)
87,USPSRNEW.062008.R15,"Do you think Saddam Hussein's regime in Iraq was directly involved in planning, financing, or carrying out the terrorist attacks of September 11th, 2001 (on the World Trade Center and the Pentagon), or not?",Yes,34.0,Princeton Survey Research Associates International,Newsweek,06/18/2008,06/19/2008,1010.0,telephone,
87,USPSRNEW.062008.R15,"Do you think Saddam Hussein's regime in Iraq was directly involved in planning, financing, or carrying out the terrorist attacks of September 11th, 2001 (on the World Trade Center and the Pentagon), or not?",No (Correct),56.0,Princeton Survey Research Associates International,Newsweek,06/18/2008,06/19/2008,1010.0,telephone,
87,USPSRNEW.062008.R15,"Do you think Saddam Hussein's regime in Iraq was directly involved in planning, financing, or carrying out the terrorist attacks of September 11th, 2001 (on the World Trade Center and the Pentagon), or not?",Don't know,10.0,Princeton Survey Research Associates International,Newsweek,06/18/2008,06/19/2008,1010.0,telephone,
88,USPSRNEW.062007.R11,"(Next I'd like to ask about some things that have been in the news.  Please answer as best you can.  If you don't know the answer just tell me and we'll move to the next question.)...To the best of your knowledge, has the US (United States) found chemical or biological weapons hidden by Saddam Hussein's regime since the Iraq war began in 2003, or not?",Yes,20.0,Princeton Survey Research Associates International,Newsweek,06/18/2007,06/19/2007,1001.0,telephone,
88,USPSRNEW.062007.R11,"(Next I'd like to ask about some things that have been in the news.  Please answer as best you can.  If you don't know the answer just tell me and we'll move to the next question.)...To the best of your knowledge, has the US (United States) found chemical or biological weapons hidden by Saddam Hussein's regime since the Iraq war began in 2003, or not?",No (correct),70.0,Princeton Survey Research Associates International,Newsweek,06/18/2007,06/19/2007,1001.0,telephone,
88,USPSRNEW.062007.R11,"(Next I'd like to ask about some things that have been in the news.  Please answer as best you can.  If you don't know the answer just tell me and we'll move to the next question.)...To the best of your knowledge, has the US (United States) found chemical or biological weapons hidden by Saddam Hussein's regime since the Iraq war began in 2003, or not?",Don't know/Refused,10.0,Princeton Survey Research Associates International,Newsweek,06/18/2007,06/19/2007,1001.0,telephone,
89,USPSRNEW.062007.R14,"(Next I'd like to ask about some things that have been in the news.  Please answer as best you can.  If you don't know the answer just tell me and we'll move to the next question.)...Which one of the following countries did most of the 9/11 (September 11, 2001) hijackers (that attacked the World Trade Center and the Pentagon) come from?...Saudi Arabia, Iraq, Iran, Syria",Saudi Arabia (correct),43.0,Princeton Survey Research Associates International,Newsweek,06/18/2007,06/19/2007,1001.0,telephone,
89,USPSRNEW.062007.R14,"(Next I'd like to ask about some things that have been in the news.  Please answer as best you can.  If you don't know the answer just tell me and we'll move to the next question.)...Which one of the following countries did most of the 9/11 (September 11, 2001) hijackers (that attacked the World Trade Center and the Pentagon) come from?...Saudi Arabia, Iraq, Iran, Syria",Iraq,20.0,Princeton Survey Research Associates International,Newsweek,06/18/2007,06/19/2007,1001.0,telephone,
89,USPSRNEW.062007.R14,"(Next I'd like to ask about some things that have been in the news.  Please answer as best you can.  If you don't know the answer just tell me and we'll move to the next question.)...Which one of the following countries did most of the 9/11 (September 11, 2001) hijackers (that attacked the World Trade Center and the Pentagon) come from?...Saudi Arabia, Iraq, Iran, Syria",Iran,14.0,Princeton Survey Research Associates International,Newsweek,06/18/2007,06/19/2007,1001.0,telephone,
89,USPSRNEW.062007.R14,"(Next I'd like to ask about some things that have been in the news.  Please answer as best you can.  If you don't know the answer just tell me and we'll move to the next question.)...Which one of the following countries did most of the 9/11 (September 11, 2001) hijackers (that attacked the World Trade Center and the Pentagon) come from?...Saudi Arabia, Iraq, Iran, Syria",Syria,11.0,Princeton Survey Research Associates International,Newsweek,06/18/2007,06/19/2007,1001.0,telephone,
89,USPSRNEW.062007.R14,"(Next I'd like to ask about some things that have been in the news.  Please answer as best you can.  If you don't know the answer just tell me and we'll move to the next question.)...Which one of the following countries did most of the 9/11 (September 11, 2001) hijackers (that attacked the World Trade Center and the Pentagon) come from?...Saudi Arabia, Iraq, Iran, Syria",Don't know/Refused,12.0,Princeton Survey Research Associates International,Newsweek,06/18/2007,06/19/2007,1001.0,telephone,
9,USUMARY.120910.R35,"As you may know, some people have suggested that President (Barack) Obama was not born in the United States.  Do you think Obama was not born in the US, Obama was born in the US, or it is not clear whether Obama was born in the US or not?",Obama was not born in the US,15.0,"Program On International Policy Attitudes, University of Maryland",,11/06/2010,11/15/2010,848.0,online,
9,USUMARY.120910.R35,"As you may know, some people have suggested that President (Barack) Obama was not born in the United States.  Do you think Obama was not born in the US, Obama was born in the US, or it is not clear whether Obama was born in the US or not?",Obama was born in the US,55.0,"Program On International Policy Attitudes, University of Maryland",,11/06/2010,11/15/2010,848.0,online,
9,USUMARY.120910.R35,"As you may know, some people have suggested that President (Barack) Obama was not born in the United States.  Do you think Obama was not born in the US, Obama was born in the US, or it is not clear whether Obama was born in the US or not?",It is not clear whether Obama was born in the US or not,29.0,"Program On International Policy Attitudes, University of Maryland",,11/06/2010,11/15/2010,848.0,online,
9,USUMARY.120910.R35,"As you may know, some people have suggested that President (Barack) Obama was not born in the United States.  Do you think Obama was not born in the US, Obama was born in the US, or it is not clear whether Obama was born in the US or not?",Don't know/Refused,1.0,"Program On International Policy Attitudes, University of Maryland",,11/06/2010,11/15/2010,848.0,online,
90,USNBCWSJ.04JUNE.R26C,"(Based on what you have learned, please tell me whether you believe each of the following is true or is not true.)... Iraq had weapons of mass destruction",True,54.0,Hart and Teeter Research Companies,"NBC News, Wall Street Journal",06/25/2004,06/28/2004,1025.0,telephone,Asked of Form A half sample
90,USNBCWSJ.04JUNE.R26C,"(Based on what you have learned, please tell me whether you believe each of the following is true or is not true.)... Iraq had weapons of mass destruction",Not true,37.0,Hart and Teeter Research Companies,"NBC News, Wall Street Journal",06/25/2004,06/28/2004,1025.0,telephone,Asked of Form A half sample
90,USNBCWSJ.04JUNE.R26C,"(Based on what you have learned, please tell me whether you believe each of the following is true or is not true.)... Iraq had weapons of mass destruction",Not sure,9.0,Hart and Teeter Research Companies,"NBC News, Wall Street Journal",06/25/2004,06/28/2004,1025.0,telephone,Asked of Form A half sample
91,USNBCWSJ.04JUNE.R26D,"(Based on what you have learned, please tell me whether you believe each of the following is true or is not true.)... Iraq was connected to the September eleventh (2001) terrorist attacks (on the World Trade Center and the Pentagon)",True,40.0,Hart and Teeter Research Companies,"NBC News, Wall Street Journal",06/25/2004,06/28/2004,1025.0,telephone,Asked of Form A half sample
91,USNBCWSJ.04JUNE.R26D,"(Based on what you have learned, please tell me whether you believe each of the following is true or is not true.)... Iraq was connected to the September eleventh (2001) terrorist attacks (on the World Trade Center and the Pentagon)",Not true,49.0,Hart and Teeter Research Companies,"NBC News, Wall Street Journal",06/25/2004,06/28/2004,1025.0,telephone,Asked of Form A half sample
91,USNBCWSJ.04JUNE.R26D,"(Based on what you have learned, please tell me whether you believe each of the following is true or is not true.)... Iraq was connected to the September eleventh (2001) terrorist attacks (on the World Trade Center and the Pentagon)",Not sure,11.0,Hart and Teeter Research Companies,"NBC News, Wall Street Journal",06/25/2004,06/28/2004,1025.0,telephone,Asked of Form A half sample
92,USPSRA.03ARGWAR.R08A,"As far as you know, does Iraq now have...nuclear weapons, or not?",Yes,41.0,Princeton Survey Research Associates,Knight Ridder,01/03/2003,01/06/2003,1204.0,telephone,
92,USPSRA.03ARGWAR.R08A,"As far as you know, does Iraq now have...nuclear weapons, or not?",No,24.0,Princeton Survey Research Associates,Knight Ridder,01/03/2003,01/06/2003,1204.0,telephone,
92,USPSRA.03ARGWAR.R08A,"As far as you know, does Iraq now have...nuclear weapons, or not?",Don't know/Refused,36.0,Princeton Survey Research Associates,Knight Ridder,01/03/2003,01/06/2003,1204.0,telephone,
93,USPSRA.03ARGWAR.R08B,"As far as you know, does Iraq now have...chemical or biological weapons?",Yes,62.0,Princeton Survey Research Associates,Knight Ridder,01/03/2003,01/06/2003,1204.0,telephone,
93,USPSRA.03ARGWAR.R08B,"As far as you know, does Iraq now have...chemical or biological weapons?",No,9.0,Princeton Survey Research Associates,Knight Ridder,01/03/2003,01/06/2003,1204.0,telephone,
93,USPSRA.03ARGWAR.R08B,"As far as you know, does Iraq now have...chemical or biological weapons?",Don't know/Refused,29.0,Princeton Survey Research Associates,Knight Ridder,01/03/2003,01/06/2003,1204.0,telephone,
94,USPSRA.03ARGWAR.R18,"Please try to answer my next questions about Iraq to the best of your knowledge.  But if you're not sure of an answer--that's okay--just tell me and I'll go to the next question.  Do you think Iraq and Al Qaeda--Osama bin Laden's organization--are allied and working together to plan new acts of terrorism, or not?",Yes,65.0,Princeton Survey Research Associates,Knight Ridder,01/03/2003,01/06/2003,1204.0,telephone,
94,USPSRA.03ARGWAR.R18,"Please try to answer my next questions about Iraq to the best of your knowledge.  But if you're not sure of an answer--that's okay--just tell me and I'll go to the next question.  Do you think Iraq and Al Qaeda--Osama bin Laden's organization--are allied and working together to plan new acts of terrorism, or not?",No,16.0,Princeton Survey Research Associates,Knight Ridder,01/03/2003,01/06/2003,1204.0,telephone,
94,USPSRA.03ARGWAR.R18,"Please try to answer my next questions about Iraq to the best of your knowledge.  But if you're not sure of an answer--that's okay--just tell me and I'll go to the next question.  Do you think Iraq and Al Qaeda--Osama bin Laden's organization--are allied and working together to plan new acts of terrorism, or not?",Don't know/Refused,19.0,Princeton Survey Research Associates,Knight Ridder,01/03/2003,01/06/2003,1204.0,telephone,
95,USGALLUP.04JUN21.R24,"Do you think Saddam Hussein was personally involved in the September 11th (2001) terrorist attacks (on the World Trade Center and the Pentagon), or not?","Yes, was involved",44.0,Gallup Organization,"Cable News Network, USA Today",06/21/2004,06/23/2004,1005.0,telephone,Asked of Form A half sample
95,USGALLUP.04JUN21.R24,"Do you think Saddam Hussein was personally involved in the September 11th (2001) terrorist attacks (on the World Trade Center and the Pentagon), or not?","No, was not",51.0,Gallup Organization,"Cable News Network, USA Today",06/21/2004,06/23/2004,1005.0,telephone,Asked of Form A half sample
95,USGALLUP.04JUN21.R24,"Do you think Saddam Hussein was personally involved in the September 11th (2001) terrorist attacks (on the World Trade Center and the Pentagon), or not?",No opinion,5.0,Gallup Organization,"Cable News Network, USA Today",06/21/2004,06/23/2004,1005.0,telephone,Asked of Form A half sample
96,USGALLUP.04JUN21.R25,Do you think Saddam Hussein did--or did not--have long-established ties to Osama bin Laden's terrorist organization known as al Qaeda?,"Yes, did",67.0,Gallup Organization,"Cable News Network, USA Today",06/21/2004,06/23/2004,1005.0,telephone,Asked of Form B half sample
96,USGALLUP.04JUN21.R25,Do you think Saddam Hussein did--or did not--have long-established ties to Osama bin Laden's terrorist organization known as al Qaeda?,"No, did not",28.0,Gallup Organization,"Cable News Network, USA Today",06/21/2004,06/23/2004,1005.0,telephone,Asked of Form B half sample
96,USGALLUP.04JUN21.R25,Do you think Saddam Hussein did--or did not--have long-established ties to Osama bin Laden's terrorist organization known as al Qaeda?,No opinion,5.0,Gallup Organization,"Cable News Network, USA Today",06/21/2004,06/23/2004,1005.0,telephone,Asked of Form B half sample
97,USGALLUP.03DEC15.R12,"Do you think Saddam Hussein was personally involved in the September 11th (2001) terrorist attacks (on the World Trade Center and the Pentagon), or not?","Yes, was involved",53.0,Gallup Organization,"Cable News Network, USA Today",12/15/2003,12/16/2003,1000.0,telephone,Asked of Form A half sample
97,USGALLUP.03DEC15.R12,"Do you think Saddam Hussein was personally involved in the September 11th (2001) terrorist attacks (on the World Trade Center and the Pentagon), or not?","No, was not",42.0,Gallup Organization,"Cable News Network, USA Today",12/15/2003,12/16/2003,1000.0,telephone,Asked of Form A half sample
97,USGALLUP.03DEC15.R12,"Do you think Saddam Hussein was personally involved in the September 11th (2001) terrorist attacks (on the World Trade Center and the Pentagon), or not?",No opinion,5.0,Gallup Organization,"Cable News Network, USA Today",12/15/2003,12/16/2003,1000.0,telephone,Asked of Form A half sample
